t,T,ferrite,pearlite,bainite,martensite,austenite
0.0,1000.0000000000008,0.0,0.0,0.0,0.0,1.0
2.0,999.0000000000001,0.0,0.0,0.0,0.0,1.0
4.0,998.0000000000003,0.0,0.0,0.0,0.0,1.0
6.0,997.0000000000001,0.0,0.0,0.0,0.0,1.0
8.0,995.9999999999999,0.0,0.0,0.0,0.0,1.0
10.0,994.9999999999993,0.0,0.0,0.0,0.0,1.0
12.0,994.0000000000002,0.0,0.0,0.0,0.0,1.0
14.0,992.9999999999995,0.0,0.0,0.0,0.0,1.0
16.0,992.0000000000007,0.0,0.0,0.0,0.0,1.0
18.0,991.0000000000003,0.0,0.0,0.0,0.0,1.0
20.0,989.9999999999999,0.0,0.0,0.0,0.0,1.0
22.0,989.0000000000006,0.0,0.0,0.0,0.0,1.0
24.0,988.0000000000003,0.0,0.0,0.0,0.0,1.0
26.0,986.9999999999994,0.0,0.0,0.0,0.0,1.0
28.0,985.9999999999997,0.0,0.0,0.0,0.0,1.0
30.0,985.0000000000002,0.0,0.0,0.0,0.0,1.0
32.0,984.0,0.0,0.0,0.0,0.0,1.0
34.0,983.0,0.0,0.0,0.0,0.0,1.0
36.0,982.0,0.0,0.0,0.0,0.0,1.0
38.0,981.0,0.0,0.0,0.0,0.0,1.0
40.0,980.0,0.0,0.0,0.0,0.0,1.0
42.0,979.0,0.0,0.0,0.0,0.0,1.0
44.0,978.0,0.0,0.0,0.0,0.0,1.0
46.0,977.0,0.0,0.0,0.0,0.0,1.0
48.0,976.0,0.0,0.0,0.0,0.0,1.0
50.0,975.0,0.0,0.0,0.0,0.0,1.0
52.0,974.0,0.0,0.0,0.0,0.0,1.0
54.0,973.0,0.0,0.0,0.0,0.0,1.0
56.0,971.9999999999993,0.0,0.0,0.0,0.0,1.0
58.0,971.0,0.0,0.0,0.0,0.0,1.0
60.0,970.0000000000001,0.0,0.0,0.0,0.0,1.0
62.0,969.0,0.0,0.0,0.0,0.0,1.0
64.0,968.0,0.0,0.0,0.0,0.0,1.0
66.0,967.0,0.0,0.0,0.0,0.0,1.0
68.0,966.0,0.0,0.0,0.0,0.0,1.0
70.0,965.0,0.0,0.0,0.0,0.0,1.0
72.0,964.0,0.0,0.0,0.0,0.0,1.0
74.0,963.0,0.0,0.0,0.0,0.0,1.0
76.0,962.0,0.0,0.0,0.0,0.0,1.0
78.0,961.0,0.0,0.0,0.0,0.0,1.0
80.0,960.0,0.0,0.0,0.0,0.0,1.0
82.0,959.0,0.0,0.0,0.0,0.0,1.0
84.0,958.0,0.0,0.0,0.0,0.0,1.0
86.0,956.9999999999999,0.0,0.0,0.0,0.0,1.0
88.0,956.0000000000001,0.0,0.0,0.0,0.0,1.0
90.0,954.9999999999999,0.0,0.0,0.0,0.0,1.0
92.0,954.0,0.0,0.0,0.0,0.0,1.0
94.0,953.0,0.0,0.0,0.0,0.0,1.0
96.0,952.0,0.0,0.0,0.0,0.0,1.0
98.0,951.0000000000001,0.0,0.0,0.0,0.0,1.0
100.0,950.0000000000001,0.0,0.0,0.0,0.0,1.0
102.0,948.9999999999999,0.0,0.0,0.0,0.0,1.0
104.0,947.9999999999999,0.0,0.0,0.0,0.0,1.0
106.0,946.9999999999995,0.0,0.0,0.0,0.0,1.0
108.0,945.9999999999995,0.0,0.0,0.0,0.0,1.0
110.0,944.9999999999999,0.0,0.0,0.0,0.0,1.0
112.0,944.0000000000001,0.0,0.0,0.0,0.0,1.0
114.0,942.9999999999999,0.0,0.0,0.0,0.0,1.0
116.0,942.0,0.0,0.0,0.0,0.0,1.0
118.0,941.0,0.0,0.0,0.0,0.0,1.0
120.0,940.0,0.0,0.0,0.0,0.0,1.0
122.0,938.9999999999999,0.0,0.0,0.0,0.0,1.0
124.0,938.0000000000001,0.0,0.0,0.0,0.0,1.0
126.0,936.9999999999999,0.0,0.0,0.0,0.0,1.0
128.0,936.0,0.0,0.0,0.0,0.0,1.0
130.0,935.0,0.0,0.0,0.0,0.0,1.0
132.0,934.0,0.0,0.0,0.0,0.0,1.0
134.0,933.0,0.0,0.0,0.0,0.0,1.0
136.0,931.9999999999999,0.0,0.0,0.0,0.0,1.0
138.0,930.9999999999998,0.0,0.0,0.0,0.0,1.0
140.0,930.0,0.0,0.0,0.0,0.0,1.0
142.0,928.9999999999998,0.0,0.0,0.0,0.0,1.0
144.0,927.9999999999993,0.0,0.0,0.0,0.0,1.0
146.0,926.9999999999999,0.0,0.0,0.0,0.0,1.0
148.0,926.0000000000001,0.0,0.0,0.0,0.0,1.0
150.0,924.9999999999999,0.0,0.0,0.0,0.0,1.0
152.0,924.0,0.0,0.0,0.0,0.0,1.0
154.0,922.9999999999998,0.0,0.0,0.0,0.0,1.0
156.0,921.9999999999995,0.0,0.0,0.0,0.0,1.0
158.0,920.9999999999995,0.0,0.0,0.0,0.0,1.0
160.0,919.9999999999999,0.0,0.0,0.0,0.0,1.0
162.0,918.9999999999998,0.0,0.0,0.0,0.0,1.0
164.0,918.0,0.0,0.0,0.0,0.0,1.0
166.0,917.0000000000001,0.0,0.0,0.0,0.0,1.0
168.0,915.9999999999999,0.0,0.0,0.0,0.0,1.0
170.0,915.0,0.0,0.0,0.0,0.0,1.0
172.0,913.9999999999998,0.0,0.0,0.0,0.0,1.0
174.0,912.9999999999993,0.0,0.0,0.0,0.0,1.0
176.0,911.9999999999999,0.0,0.0,0.0,0.0,1.0
178.0,911.0000000000001,0.0,0.0,0.0,0.0,1.0
180.0,909.9999999999999,0.0,0.0,0.0,0.0,1.0
182.0,909.0,0.0,0.0,0.0,0.0,1.0
184.0,908.0,0.0,0.0,0.0,0.0,1.0
186.0,907.0,0.0,0.0,0.0,0.0,1.0
188.0,906.0,0.0,0.0,0.0,0.0,1.0
190.0,904.9999999999999,0.0,0.0,0.0,0.0,1.0
192.0,903.9999999999998,0.0,0.0,0.0,0.0,1.0
194.0,903.0,0.0,0.0,0.0,0.0,1.0
196.0,902.0,0.0,0.0,0.0,0.0,1.0
198.0,901.0,0.0,0.0,0.0,0.0,1.0
200.0,900.0000000000001,0.0,0.0,0.0,0.0,1.0
202.0,899.0000000000001,0.0,0.0,0.0,0.0,1.0
204.0,897.9999999999999,0.0,0.0,0.0,0.0,1.0
206.0,897.0,0.0,0.0,0.0,0.0,1.0
208.0,896.0,0.0,0.0,0.0,0.0,1.0
210.0,895.0,0.0,0.0,0.0,0.0,1.0
212.0,893.9999999999999,0.0,0.0,0.0,0.0,1.0
214.0,893.0000000000001,0.0,0.0,0.0,0.0,1.0
216.0,891.9999999999999,0.0,0.0,0.0,0.0,1.0
218.0,891.0,0.0,0.0,0.0,0.0,1.0
220.0,890.0,0.0,0.0,0.0,0.0,1.0
222.0,889.0,0.0,0.0,0.0,0.0,1.0
224.0,887.9999999999998,0.0,0.0,0.0,0.0,1.0
226.0,886.9999999999995,0.0,0.0,0.0,0.0,1.0
228.0,885.9999999999995,0.0,0.0,0.0,0.0,1.0
230.0,884.9999999999995,0.0,0.0,0.0,0.0,1.0
232.0,883.9999999999999,0.0,0.0,0.0,0.0,1.0
234.0,882.9999999999998,0.0,0.0,0.0,0.0,1.0
236.0,882.0,0.0,0.0,0.0,0.0,1.0
238.0,881.0000000000001,0.0,0.0,0.0,0.0,1.0
240.0,879.9999999999999,0.0,0.0,0.0,0.0,1.0
242.0,879.0,0.0,0.0,0.0,0.0,1.0
244.0,878.0000000000001,0.0,0.0,0.0,0.0,1.0
246.0,876.9999999999998,0.0,0.0,0.0,0.0,1.0
248.0,875.9999999999995,0.0,0.0,0.0,0.0,1.0
250.0,874.9999999999998,0.0,0.0,0.0,0.0,1.0
252.0,874.0,0.0,0.0,0.0,0.0,1.0
254.0,873.0,0.0,0.0,0.0,0.0,1.0
256.0,871.9999999999999,0.0,0.0,0.0,0.0,1.0
258.0,871.0000000000001,0.0,0.0,0.0,0.0,1.0
260.0,869.9999999999997,0.0,0.0,0.0,0.0,1.0
262.0,869.0,0.0,0.0,0.0,0.0,1.0
264.0,867.9999999999998,0.0,0.0,0.0,0.0,1.0
266.0,867.0,0.0,0.0,0.0,0.0,1.0
268.0,865.9999999999995,0.0,0.0,0.0,0.0,1.0
270.0,864.9999999999995,0.0,0.0,0.0,0.0,1.0
272.0,863.9999999999995,0.0,0.0,0.0,0.0,1.0
274.0,863.0,0.0,0.0,0.0,0.0,1.0
276.0,862.0,0.0,0.0,0.0,0.0,1.0
278.0,860.9999999999999,0.0,0.0,0.0,0.0,1.0
280.0,860.0000000000001,0.0,0.0,0.0,0.0,1.0
282.0,858.9999999999999,0.0,0.0,0.0,0.0,1.0
284.0,858.0,0.0,0.0,0.0,0.0,1.0
286.0,857.0000000000001,0.0,0.0,0.0,0.0,1.0
288.0,855.9999999999999,0.0,0.0,0.0,0.0,1.0
290.0,855.0,0.0,0.0,0.0,0.0,1.0
292.0,854.0000000000001,0.0,0.0,0.0,0.0,1.0
294.0,852.9999999999999,0.0,0.0,0.0,0.0,1.0
296.0,851.9999999999999,0.0,0.0,0.0,0.0,1.0
298.0,850.9999999999995,0.0,0.0,0.0,0.0,1.0
300.0,849.9999999999995,0.0,0.0,0.0,0.0,1.0
302.0,848.9999999999999,0.0,0.0,0.0,0.0,1.0
304.0,848.0000000000001,0.0,0.0,0.0,0.0,1.0
306.0,846.9999999999999,0.0,0.0,0.0,0.0,1.0
308.0,846.0,0.0,0.0,0.0,0.0,1.0
310.0,845.0,0.0,0.0,0.0,0.0,1.0
312.0,844.0,0.0,0.0,0.0,0.0,1.0
314.0,842.9999999999999,0.0,0.0,0.0,0.0,1.0
316.0,842.0000000000001,0.0,0.0,0.0,0.0,1.0
318.0,840.9999999999999,0.0,0.0,0.0,0.0,1.0
320.0,840.0,0.0,0.0,0.0,0.0,1.0
322.0,838.9999999999999,0.0,0.0,0.0,0.0,1.0
324.0,837.9999999999998,0.0,0.0,0.0,0.0,1.0
326.0,837.0000000000002,0.0,0.0,0.0,0.0,1.0
328.0,835.9999999999999,0.0,0.0,0.0,0.0,1.0
330.0,834.9999999999998,0.0,0.0,0.0,0.0,1.0
332.0,834.0,0.0,0.0,0.0,0.0,1.0
334.0,832.9999999999998,0.0,0.0,0.0,0.0,1.0
336.0,831.9999999999993,0.0,0.0,0.0,0.0,1.0
338.0,830.9999999999999,0.0,0.0,0.0,0.0,1.0
340.0,830.0000000000001,0.0,0.0,0.0,0.0,1.0
342.0,828.9999999999999,0.0,0.0,0.0,0.0,1.0
344.0,828.0,0.0,0.0,0.0,0.0,1.0
346.0,826.9999999999998,0.0,0.0,0.0,0.0,1.0
348.0,825.9999999999995,0.0,0.0,0.0,0.0,1.0
350.0,824.9999999999995,0.0,0.0,0.0,0.0,1.0
352.0,823.9999999999999,0.0,0.0,0.0,0.0,1.0
354.0,822.9999999999998,0.0,0.0,0.0,0.0,1.0
356.0,822.0,0.0,0.0,0.0,0.0,1.0
358.0,821.0,0.0,0.0,0.0,0.0,1.0
360.0,820.0,0.0,0.0,0.0,0.0,1.0
362.0,819.0,0.0,0.0,0.0,0.0,1.0
364.0,817.9999999999998,0.0,0.0,0.0,0.0,1.0
366.0,816.9999999999995,0.0,0.0,0.0,0.0,1.0
368.0,815.9999999999995,0.0,0.0,0.0,0.0,1.0
370.0,815.0,0.0,0.0,0.0,0.0,1.0
372.0,814.0,0.0,0.0,0.0,0.0,1.0
374.0,812.9999999999999,0.0,0.0,0.0,0.0,1.0
376.0,812.0000000000002,0.0,0.0,0.0,0.0,1.0
378.0,811.0000000000001,0.0,0.0,0.0,0.0,1.0
380.0,810.0000000000001,0.0,0.0,0.0,0.0,1.0
382.0,809.0000000000001,0.0,0.0,0.0,0.0,1.0
384.0,807.9999999999999,0.0,0.0,0.0,0.0,1.0
386.0,807.0,0.0,0.0,0.0,0.0,1.0
388.0,806.0,0.0,0.0,0.0,0.0,1.0
390.0,805.0,0.0,0.0,0.0,0.0,1.0
392.0,804.0,0.0,0.0,0.0,0.0,1.0
394.0,802.9999999999997,0.0,0.0,0.0,0.0,1.0
396.0,801.9999999999998,0.0,0.0,0.0,0.0,1.0
398.0,800.9999999999998,0.0,0.0,0.0,0.0,1.0
400.0,799.9999999999998,0.0,0.0,0.0,0.0,1.0
402.0,798.9999999999993,0.0,0.0,0.0,0.0,1.0
404.0,797.9999999999999,0.0,0.0,0.0,0.0,1.0
406.0,797.0000000000001,0.0,0.0,0.0,0.0,1.0
408.0,795.9999999999999,0.0,0.0,0.0,0.0,1.0
410.0,795.0,0.0,0.0,0.0,0.0,1.0
412.0,794.0,0.0,0.0,0.0,0.0,1.0
414.0,793.0,0.0,0.0,0.0,0.0,1.0
416.0,791.9999999999998,0.0,0.0,0.0,0.0,1.0
418.0,790.9999999999995,0.0,0.0,0.0,0.0,1.0
420.0,789.9999999999995,0.0,0.0,0.0,0.0,1.0
422.0,788.9999999999995,0.0,0.0,0.0,0.0,1.0
424.0,787.9999999999999,0.0,0.0,0.0,0.0,1.0
426.0,786.9999999999998,0.0,0.0,0.0,0.0,1.0
428.0,786.0,0.0,0.0,0.0,0.0,1.0
430.0,785.0000000000001,0.0,0.0,0.0,0.0,1.0
432.0,783.9999999999999,0.0,0.0,0.0,0.0,1.0
434.0,783.0,0.0,0.0,0.0,0.0,1.0
436.0,782.0,0.0,0.0,0.0,0.0,1.0
438.0,781.0,0.0,0.0,0.0,0.0,1.0
440.0,779.9999999999999,0.0,0.0,0.0,0.0,1.0
442.0,779.0000000000001,0.0,0.0,0.0,0.0,1.0
444.0,777.9999999999999,0.0,0.0,0.0,0.0,1.0
446.0,777.0,0.0,0.0,0.0,0.0,1.0
448.0,776.0,0.0,0.0,0.0,0.0,1.0
450.0,775.0,0.0,0.0,0.0,0.0,1.0
452.0,773.9999999999998,0.0,0.0,0.0,0.0,1.0
454.0,773.0,0.0,0.0,0.0,0.0,1.0
456.0,772.0,0.0,0.0,0.0,0.0,1.0
458.0,771.0,0.0,0.0,0.0,0.0,1.0
460.0,769.9999999999999,0.0,0.0,0.0,0.0,1.0
462.0,769.0,0.0,0.0,0.0,0.0,1.0
464.0,768.0,0.0,0.0,0.0,0.0,1.0
466.0,767.0,0.0,0.0,0.0,0.0,1.0
468.0,766.0000000000001,0.0,0.0,0.0,0.0,1.0
470.0,764.9999999999999,0.0,0.0,0.0,0.0,1.0
472.0,763.9999999999999,0.0,0.0,0.0,0.0,1.0
474.0,762.9999999999998,0.0,0.0,0.0,0.0,1.0
476.0,762.0000000000001,0.0,0.0,0.0,0.0,1.0
478.0,761.0,0.0,0.0,0.0,0.0,1.0
480.0,760.0,0.0,0.0,0.0,0.0,1.0
482.0,759.0000000000001,0.0,0.0,0.0,0.0,1.0
484.0,758.0,0.0,0.0,0.0,0.0,1.0
486.0,757.0000000000001,0.0,0.0,0.0,0.0,1.0
488.0,756.0000000000001,0.0,0.0,0.0,0.0,1.0
490.0,755.0000000000002,0.0,0.0,0.0,0.0,1.0
492.0,753.9999999999998,0.0,0.0,0.0,0.0,1.0
494.0,753.0000000000002,0.0,0.0,0.0,0.0,1.0
496.0,752.0,0.0,0.0,0.0,0.0,1.0
498.0,751.0,0.0,0.0,0.0,0.0,1.0
500.0,750.0,0.0,0.0,0.0,0.0,1.0
502.0,749.0000000000005,0.0,0.0,0.0,0.0,1.0
504.0,748.0000000000001,0.0,0.0,0.0,0.0,1.0
506.0,746.9999999999997,0.0,0.0,0.0,0.0,1.0
508.0,746.0000000000001,0.0,0.0,0.0,0.0,1.0
510.0,745.0,0.0,0.0,0.0,0.0,1.0
512.0,744.0000000000006,0.0,0.0,0.0,0.0,1.0
514.0,743.0,0.0,0.0,0.0,0.0,1.0
516.0,742.0,0.0,0.0,0.0,0.0,1.0
518.0,741.0000000000001,0.0,0.0,0.0,0.0,1.0
520.0,740.0,0.0,0.0,0.0,0.0,1.0
522.0,739.0000000000001,0.0,0.0,0.0,0.0,1.0
524.0,738.0000000000001,0.0,0.0,0.0,0.0,1.0
526.0,736.9999999999999,0.0,0.0,0.0,0.0,1.0
528.0,735.9999999999997,0.0,0.0,0.0,0.0,1.0
530.0,735.0000000000003,0.0,0.0,0.0,0.0,1.0
532.0,734.0,0.0,0.0,0.0,0.0,1.0
534.0,733.0000000000001,0.0,0.0,0.0,0.0,1.0
536.0,732.0000000000001,0.0,0.0,0.0,0.0,1.0
538.0,731.0,0.0,0.0,0.0,0.0,1.0
540.0,730.0,0.0,0.0,0.0,0.0,1.0
542.0,728.9999999999999,0.0,0.0,0.0,0.0,1.0
544.0,728.0000000000001,0.0,0.0,0.0,0.0,1.0
546.0,727.0,0.0,0.0,0.0,0.0,1.0
548.0,726.0000000000006,0.0,0.0,0.0,0.0,1.0
550.0,724.9999999999999,0.0,0.0,0.0,0.0,1.0
552.0,724.0,0.0,0.0,0.0,0.0,1.0
554.0,723.0000000000001,0.0,0.0,0.0,0.0,1.0
556.0,721.9999999999999,0.0,0.0,0.0,0.0,1.0
558.0,720.9999999999997,0.0,0.0,0.0,0.0,1.0
560.0,720.0,0.0,0.0,0.0,0.0,1.0
562.0,719.0000000000006,0.0,0.0,0.0,0.0,1.0
564.0,718.0000000000002,0.0,0.0,0.0,0.0,1.0
566.0,716.9999999999999,0.0,0.0,0.0,0.0,1.0
568.0,716.0,0.0,0.0,0.0,0.0,1.0
570.0,715.0,0.0,0.0,0.0,0.0,1.0
572.0,713.9999999999999,0.0,0.0,0.0,0.0,1.0
574.0,712.9999999999999,0.0,0.0,0.0,0.0,1.0
576.0,712.0000000000002,0.0,0.0,0.0,0.0,1.0
578.0,710.9999999999998,0.0,0.0,0.0,0.0,1.0
580.0,709.9999999999998,0.0,0.0,0.0,0.0,1.0
582.0,709.0000000000002,0.0,0.0,0.0,0.0,1.0
584.0,708.0000000000002,0.0,0.0,0.0,0.0,1.0
586.0,707.0,0.0010270483377749387,0.0,0.0,0.0,0.9989729516622251
588.0,706.0,0.0011018895928897828,0.0,0.0,0.0,0.9988981104071102
590.0,705.0000000000001,0.0011807437758744688,0.0,0.0,0.0,0.9988192562241255
592.0,704.0,0.0012637580698216537,0.0,0.0,0.0,0.9987362419301783
594.0,703.0000000000001,0.001351080638754374,0.0,0.0,0.0,0.9986489193612457
596.0,702.0000000000001,0.001442860369632477,0.0,0.0,0.0,0.9985571396303675
598.0,701.0,0.0015392466048390332,0.0,0.0,0.0,0.9984607533951609
600.0,699.9999999999998,0.001640388865725324,0.0,0.0,0.0,0.9983596111342746
602.0,699.0000000000002,0.0017464365678266838,0.0,0.0,0.0,0.9982535634321733
604.0,698.0000000000001,0.0018575387283930231,0.0,0.0,0.0,0.998142461271607
606.0,697.0,0.0019738436669072806,0.0,0.0,0.0,0.9980261563330928
608.0,696.0,0.0020954986992921315,0.0,0.0,0.0,0.9979045013007078
610.0,695.0,0.00222264982653009,0.0,0.0,0.0,0.9977773501734699
612.0,693.9999999999997,0.002355441418444443,0.0,0.0,0.0,0.9976445585815555
614.0,693.0,0.002494015893408349,0.0,0.0,0.0,0.9975059841065916
616.0,692.0000000000001,0.002638513394766748,0.0,0.0,0.0,0.9973614866052333
618.0,691.0000000000002,0.0027890714647704974,0.0,0.0,0.0,0.9972109285352295
620.0,690.0000000000002,0.0029458247168343203,0.0,0.0,0.0,0.9970541752831656
622.0,689.0,0.0031089053518505243,0.0,0.0,0.0,0.9968910946481495
624.0,688.0000000000003,0.0032784522721301034,0.0,0.0,0.0,0.9967215477278699
626.0,686.9999999999999,0.0034546084232171892,0.0,0.0,0.0,0.9965453915767828
628.0,685.9999999999998,0.0036375145135738108,0.0,0.0,0.0,0.9963624854864261
630.0,685.0,0.0038273086441718974,0.0,0.0,0.0,0.9961726913558281
632.0,684.0,0.004024126047801912,0.0,0.0,0.0,0.9959758739521981
634.0,682.9999999999998,0.0042280999307684,0.0,0.0,0.0,0.9957719000692316
636.0,682.0000000000002,0.004439363370814984,0.0,0.0,0.0,0.995560636629185
638.0,681.0000000000003,0.004658046753475691,0.0,0.0,0.0,0.9953419532465243
640.0,680.0000000000001,0.0048842770189119885,0.0,0.0,0.0,0.995115722981088
642.0,679.0000000000003,0.005118177581396025,0.0,0.0,0.0,0.994881822418604
644.0,678.0,0.005359871639298332,0.0,0.0,0.0,0.9946401283607017
646.0,677.0,0.005609482314054282,0.0,0.0,0.0,0.9943905176859457
648.0,676.0,0.005867129146674709,0.0,0.0,0.0,0.9941328708533252
650.0,675.0,0.006132927835693324,0.0,0.0,0.0,0.9938670721643067
652.0,673.9999999999999,0.006406992335225773,0.0,0.0,0.0,0.9935930076647742
654.0,673.0000000000002,0.006689434903621383,0.0,0.0,0.0,0.9933105650963786
656.0,671.9999999999999,0.006980363739408037,0.0,0.0,0.0,0.993019636260592
658.0,671.0000000000002,0.007279883340391491,0.0,0.0,0.0,0.9927201166596085
660.0,670.0000000000002,0.007588096937917167,0.0,0.0,0.0,0.9924119030620828
662.0,668.9999999999999,0.007905104325146363,0.0,0.0,0.0,0.9920948956748536
664.0,668.0,0.008231000994989418,0.0,0.0,0.0,0.9917689990050106
666.0,667.0000000000001,0.008565880159506167,0.0,0.0,0.0,0.9914341198404938
668.0,665.9999999999998,0.008909831765023716,0.0,0.0,0.0,0.9910901682349763
670.0,664.9999999999998,0.009262941281063742,0.0,0.0,0.0,0.9907370587189362
672.0,664.0,0.00962529152072838,0.0,0.0,0.0,0.9903747084792717
674.0,663.0000000000001,0.009996961608127056,0.0,0.0,0.0,0.990003038391873
676.0,662.0000000000003,0.010378026268690601,0.0,0.0,0.0,0.9896219737313094
678.0,661.0000000000002,0.010768557356134304,0.0,0.0,0.0,0.9892314426438656
680.0,659.9999999999999,0.011168622299875993,0.0,0.0,0.0,0.988831377700124
682.0,658.9999999999999,0.011578284662246896,0.0,0.0,0.0,0.9884217153377531
684.0,657.9999999999998,0.011997604408852178,0.0,0.0,0.0,0.9880023955911478
686.0,656.9999999999999,0.01242663687189584,0.0,0.0,0.0,0.9875733631281042
688.0,655.9999999999999,0.012865433906070277,0.0,0.0,0.0,0.9871345660939297
690.0,655.0000000000001,0.013314042725572706,0.0,0.0,0.0,0.9866859572744273
692.0,654.0000000000001,0.013772506663898896,0.0,0.0,0.0,0.9862274933361012
694.0,653.0000000000001,0.014240864653581544,0.0,0.0,0.0,0.9857591353464185
696.0,652.0,0.014719151371814801,0.0,0.0,0.0,0.9852808486281852
698.0,650.9999999999999,0.01520739721554114,0.0,0.0,0.0,0.9847926027844589
700.0,649.9999999999998,0.015705628125496134,0.0,0.0,0.0,0.9842943718745039
702.0,649.0,0.016213865749948198,0.0,0.0,0.0,0.9837861342500518
704.0,647.9999999999998,0.016732127210039246,0.0,0.0,0.0,0.9832678727899608
706.0,647.0000000000001,0.01726042525105279,0.0,0.0,0.0,0.9827395747489472
708.0,646.0,0.01779876809628309,0.0,0.0,0.0,0.9822012319037169
710.0,645.0000000000002,0.018347159477048135,0.0,0.0,0.0,0.9816528405229519
712.0,644.0000000000001,0.018905598652748004,0.0,0.0,0.0,0.981094401347252
714.0,643.0,0.01947408027534093,0.0,0.0,0.0,0.9805259197246591
716.0,642.0,0.02005259457932979,0.0,0.0,0.0,0.9799474054206702
718.0,640.9999999999998,0.02064112713166699,0.0,0.0,0.0,0.979358872868333
720.0,640.0,0.021239659074463846,0.0,0.0,0.0,0.9787603409255361
722.0,638.9999999999999,0.02184816693633253,0.0,0.0,0.0,0.9781518330636675
724.0,638.0000000000002,0.02246662272744999,0.0,0.0,0.0,0.97753337727255
726.0,637.0000000000002,0.023094993968429827,0.0,0.0,0.0,0.9769050060315702
728.0,636.0000000000002,0.02373324360214585,0.0,0.0,0.0,0.9762667563978541
730.0,635.0,0.024381330125870376,0.0,0.0,0.0,0.9756186698741296
732.0,634.0,0.02503920754125231,0.0,0.0,0.0,0.9749607924587477
734.0,632.9999999999999,0.025706825362998377,0.0,0.0,0.0,0.9742931746370016
736.0,632.0,0.026384128710919736,0.0,0.0,0.0,0.9736158712890802
738.0,630.9999999999999,0.027071058282213185,0.0,0.0,0.0,0.9729289417177868
740.0,630.0,0.02776755038230747,0.0,0.0,0.0,0.9722324496176925
742.0,628.9999999999998,0.02847353699969568,0.0,0.0,0.0,0.9715264630003043
744.0,628.0,0.02918894581544464,0.0,0.0,0.0,0.9708110541845554
746.0,627.0000000000002,0.02991370023470884,0.0,0.0,0.0,0.9700862997652911
748.0,626.0,0.030647719449823557,0.0,0.0,0.0,0.9693522805501764
750.0,624.9999999999999,0.03139091848976205,0.0,0.0,0.0,0.968609081510238
752.0,623.9999999999999,0.03214320825237445,0.0,0.0,0.0,0.9678567917476255
754.0,622.9999999999998,0.03290449556076454,0.0,0.0,0.0,0.9670955044392354
756.0,622.0,0.03367468322733751,0.0,0.0,0.0,0.9663253167726625
758.0,620.9999999999999,0.03445367011068251,0.0,0.0,0.0,0.9655463298893174
760.0,620.0000000000002,0.03524135116859474,0.0,0.0,0.0,0.9647586488314053
762.0,619.0000000000002,0.03603678882560129,0.0010040523888065324,0.0,0.0,0.9629591587855921
764.0,618.0000000000002,0.0368406306219758,0.0010755568889529005,0.0,0.0,0.9620838124890713
766.0,616.9999999999999,0.037652756031563664,0.0011506324997833514,0.0,0.0,0.961196611468653
768.0,615.9999999999999,0.038473040738254194,0.0012293871976037773,0.0,0.0,0.960297572064142
770.0,614.9999999999999,0.03930135670846956,0.0013119279248504489,0.0,0.0,0.95938671536668
772.0,613.9999999999999,0.04013757226819483,0.0013983603333504139,0.0,0.0,0.9584640673984548
774.0,612.9999999999998,0.0409815521824052,0.0014887885260675487,0.0,0.0,0.9575296592915272
776.0,612.0,0.041833157737269304,0.0015833147981918507,0.0,0.0,0.9565835274645389
778.0,610.9999999999998,0.042692246824839394,0.0016820393784316057,0.0,0.0,0.955625713796729
780.0,610.0000000000001,0.04355867402862685,0.0017850601713665477,0.0,0.0,0.9546562658000066
782.0,609.0000000000002,0.04443229071283179,0.0018924725017144966,0.0,0.0,0.9536752367854537
784.0,608.0,0.04531294511411542,0.0020043688613551494,0.0,0.0,0.9526826860245294
786.0,606.9999999999999,0.046200482435601015,0.0021208386599423337,0.0,0.0,0.9516786789044567
788.0,605.9999999999997,0.047094744943040286,0.002241967979920338,0.0,0.0,0.9506632870770394
790.0,605.0000000000001,0.047995572063065,0.0023678393367410106,0.0,0.0,0.949636588600194
792.0,603.9999999999998,0.04890280048349016,0.00249853144505633,0.0,0.0,0.9485986680714535
794.0,603.0000000000001,0.04981626425558051,0.0026341189916362783,0.0,0.0,0.9475496167527833
796.0,601.9999999999998,0.05073579489797596,0.0027746724157342692,0.0,0.0,0.9464895326862898
798.0,600.9999999999999,0.05166122150238693,0.0029202577682257004,0.0,0.0,0.9454185207293874
800.0,600.0000000000002,0.0525923708359948,0.0030709415737716216,0.0,0.0,0.9443366875902336
802.0,598.9999999999998,0.05352906744131935,0.0032267945647580613,0.0,0.0,0.9432441379939226
804.0,597.9999999999999,0.05447113374426189,0.003387884411302022,0.0,0.0,0.9421409818444361
806.0,597.0000000000001,0.055418390164192345,0.0035542748023201834,0.0,0.0,0.9410273350334875
808.0,596.0,0.05637065522520299,0.0037260252894280085,0.0,0.0,0.939903319485369
810.0,594.9999999999998,0.05732774566836331,0.003903191201287739,0.0,0.0,0.9387690631303489
812.0,594.0,0.05828947656324327,0.004085825159651258,0.0,0.0,0.9376246982771055
814.0,592.9999999999998,0.05925566141990371,0.004273977255812594,0.0,0.0,0.9364703613242837
816.0,592.0,0.06022611230330886,0.004467693257343783,0.0,0.0,0.9353061944393474
818.0,591.0,0.06120063994843041,0.004667014403427169,0.0,0.0,0.9341323456481424
820.0,589.9999999999998,0.062179053875707595,0.004871977453296194,0.0,0.0,0.9329489686709962
822.0,588.9999999999999,0.06316116250392559,0.005082617389413929,0.0,0.0,0.9317562201066605
824.0,587.9999999999999,0.06414677326339294,0.005298967231951469,0.0,0.0,0.9305542595046556
826.0,586.9999999999999,0.0651356927117865,0.005521055543855033,0.0,0.0,0.9293432517443585
828.0,585.9999999999997,0.06612772665010112,0.005748906275695808,0.0,0.0,0.9281233670742031
830.0,585.0,0.06712268023738058,0.005982539804985574,0.0,0.0,0.9268947799576338
832.0,584.0000000000001,0.06812035810383621,0.006221974123831313,0.0,0.0,0.9256576677723325
834.0,583.0000000000001,0.06912056446571495,0.0064672228946624005,0.0,0.0,0.9244122126396227
836.0,581.9999999999999,0.07012310323999611,0.006718295164583501,0.0,0.0,0.9231586015954204
838.0,580.9999999999998,0.07112777815714084,0.006975196630147618,0.0,0.0,0.9218970252127116
840.0,579.9999999999998,0.07213439287246978,0.0072379302760433445,0.0,0.0,0.9206276768514868
842.0,579.0,0.07314275107862464,0.007506494661343174,0.0,0.0,0.9193507542600322
844.0,577.9999999999998,0.07415265661705564,0.007780884014209602,0.0,0.0,0.9180664593687348
846.0,577.0000000000001,0.07516391358687262,0.008061089751830335,0.0,0.0,0.916774996661297
848.0,576.0,0.07617632645368448,0.008347099529435345,0.0,0.0,0.9154765740168802
850.0,575.0000000000001,0.07718970015798302,0.008638896586655651,0.0,0.0,0.9141714032553614
852.0,574.0000000000001,0.0782038402210339,0.008936460914627815,0.0,0.0,0.9128596988643383
854.0,573.0,0.07921855284946913,0.009239769188136428,0.0,0.0,0.9115416779623944
856.0,571.9999999999998,0.08023247494939546,0.009548437593043807,0.0010507281490836865,0.0,0.9091683593084771
858.0,570.9999999999998,0.08124592495648558,0.009862580449835246,0.0016418265251207666,0.0,0.9072496680685584
860.0,569.9999999999999,0.08225845285896323,0.010182074498518512,0.002464024937099735,0.0,0.9050954477054185
862.0,568.9999999999999,0.0832695448436744,0.010506767167893016,0.003575118340381951,0.0,0.9026485696480506
864.0,567.9999999999998,0.08427861540259012,0.010836473371654234,0.005040117720002756,0.0,0.8998447935057529
866.0,567.0,0.08528499867935677,0.011170970801364272,0.006932006095666387,0.0,0.8966120244236125
868.0,566.0000000000001,0.08628793994710755,0.011509994598207073,0.009331716265764912,0.0,0.8928703491889205
870.0,565.0000000000001,0.08728658688810804,0.011853233123955934,0.012328420596229744,0.0,0.8885317593917063
872.0,563.9999999999999,0.08827998074185099,0.012200321995944525,0.016019782071190796,0.0,0.8834999151910137
874.0,562.9999999999997,0.0892670473605859,0.012550838412262271,0.0205121897698568,0.0,0.877669924457295
876.0,561.9999999999999,0.09024658824196365,0.012904295661604209,0.025920952041366567,0.0,0.8709281640550656
878.0,561.0,0.0912172716584434,0.013260136259246413,0.03237040469514005,0.0,0.8631521873871701
880.0,559.9999999999999,0.09217762406603112,0.013617726127083667,0.03999387558595826,0.0,0.854210774220927
882.0,559.0,0.09312602206636186,0.013976347899983905,0.0489334252254963,0.0,0.8439642048081579
884.0,557.9999999999999,0.09406068531172966,0.014335194568187295,0.05933925715352569,0.0,0.8322648629665573
886.0,557.0000000000001,0.09497967089131662,0.0146933638156829,0.07136866122210941,0.0,0.8189583040708911
888.0,556.0,0.09588086992257248,0.01504985234062403,0.08518431827977546,0.0,0.8038849594570281
890.0,554.9999999999999,0.09676200729046347,0.015403552177913414,0.10095175839923565,0.0,0.7868826821323874
892.0,553.9999999999998,0.0976206457311537,0.01575324797466884,0.1188357312426195,0.0,0.767790375051558
894.0,552.9999999999998,0.09845419572471523,0.01609761738799719,0.13899522442161494,0.0,0.7464529624656726
896.0,551.9999999999998,0.09925993292138686,0.016435234539964955,0.16157686657947917,0.0,0.722727965959169
898.0,551.0,0.10003502502583879,0.01676457816012473,0.18670649449888563,0.0,0.6964939023151508
900.0,550.0000000000001,0.100776570133526,0.017084045469336024,0.21447877109017344,0.0,0.6676606133069645
902.0,549.0,0.10148164835340838,0.017391972857007856,0.24494493880142096,0.0,0.6361814399881628
904.0,548.0000000000002,0.1021473880448432,0.01768666478707283,0.2780991006422027,0.0,0.6020668465258813
906.0,546.9999999999997,0.10277104703061218,0.01796643113520764,0.3138638402041287,0.0,0.5653986816300515
908.0,546.0,0.10335010765114214,0.018229633525590958,0.3520764882808287,0.0,0.5263437705424382
910.0,544.9999999999999,0.10388238253031407,0.018474739186564754,0.3924778291261329,0.0,0.4851650491569883
912.0,544.0,0.10436612562492205,0.018700380703010756,0.4347053665218111,0.0,0.44222812715025617
914.0,543.0,0.10480014092590628,0.0189054177903027,0.47829325237128134,0.0,0.3980011889125097
916.0,542.0,0.1051838796351108,0.01908899703827919,0.5226804510827852,0.0,0.3530466722438248
918.0,541.0,0.1055175163692822,0.019250604287037364,0.567227611471979,0.0,0.30800426787170143
920.0,540.0,0.10580199638876406,0.01939010525781115,0.6112415714914246,0.0,0.2635663268620002
922.0,539.0000000000001,0.10603904907944534,0.019507770786163413,0.6540047586084357,0.0,0.22044842152595556
924.0,537.9999999999998,0.10623116752093695,0.019604285547515837,0.694805402383908,0.0,0.17935914454763924
926.0,536.9999999999999,0.10638155918430256,0.019680741463706942,0.7329637836546488,0.0,0.14097391569734175
928.0,535.9999999999998,0.10649407785779834,0.019738620041993244,0.767849720810866,0.0,0.10591758128934248
930.0,535.0000000000002,0.10657315161878635,0.019779770597252624,0.7988866162539491,0.0,0.07476046153001192
932.0,533.9999999999999,0.10662372739635066,0.019806395065579227,0.8255362144326066,0.0,0.04803366310546353
934.0,533.0,0.1066512649601424,0.019821057457518828,0.8472516680064406,0.0,0.02627600957589815
936.0,532.0,0.10666185537852324,0.019826760151151774,0.8633572075378682,0.0,0.010154176932456793
938.0,530.9999999999998,0.10666278413697917,0.01982726586496923,0.8726149998860926,0.0,0.0008949501119590586
940.0,529.9999999999999,0.10666370665989382,0.019827773746692073,0.8726149998860926,0.0,0.000893519707321544
942.0,528.9999999999997,0.10666462285139681,0.019828283669130142,0.8726149998860926,0.0,0.0008920935933804941
944.0,528.0000000000003,0.106665532618889,0.019828795504740624,0.8726149998860926,0.0,0.0008906719902778137
946.0,526.9999999999999,0.10666643587304002,0.01982930912578092,0.8726149998860926,0.0,0.0008892551150865291
948.0,526.0,0.10666733252778374,0.01982982440434203,0.8726149998860926,0.0,0.000887843181781589
950.0,525.0,0.10666822250031151,0.01983034121248017,0.8726149998860926,0.0,0.0008864364011157422
952.0,524.0,0.10666910571106325,0.019830859422277566,0.8726149998860926,0.0,0.0008850349805665791
954.0,523.0,0.1066699820837165,0.019831378905935806,0.8726149998860926,0.0,0.0008836391242550423
956.0,521.9999999999998,0.10667085154517349,0.01983189953587075,0.8726149998860926,0.0,0.0008822490328631583
958.0,520.9999999999998,0.10667171402554607,0.019832421184770625,0.8726149998860926,0.0,0.000880864903590739
960.0,520.0,0.10667256945813891,0.019832943725711604,0.8726149998860926,0.0,0.0008794869300569053
962.0,519.0000000000002,0.10667341777943087,0.01983346703220228,0.8726149998860926,0.0,0.0008781153022742183
964.0,518.0,0.10667425892905448,0.01983399097829224,0.8726149998860926,0.0,0.0008767502065607502
966.0,516.9999999999999,0.10667509284977375,0.019834515438629696,0.8726149998860926,0.0,0.0008753918255040016
968.0,515.9999999999998,0.10667591948746034,0.019835040288542452,0.8726149998860926,0.0,0.0008740403379046136
970.0,515.0000000000001,0.10667673879106794,0.01983556540411888,0.8726149998860926,0.0,0.000872695918720634
972.0,513.9999999999999,0.10667755071260517,0.019836090662261965,0.8726149998860926,0.0,0.0008713587390403177
974.0,513.0,0.1066783552071071,0.0198366159407823,0.8726149998860926,0.0,0.000870028966017955
976.0,511.9999999999999,0.10667915223260542,0.01983714111844379,0.8726149998860926,0.0,0.0008687067628582179
978.0,511.0,0.106679941750097,0.01983766607504632,0.8726149998860926,0.0,0.0008673922887640906
980.0,510.0,0.10668072372351116,0.019838190691482748,0.8726149998860926,0.0,0.0008660856989135546
982.0,508.9999999999998,0.1066814981196756,0.01983871484979893,0.8726149998860926,0.0,0.0008647871444329436
984.0,507.9999999999999,0.10668226490828156,0.019839238433264815,0.8726149998860926,0.0,0.0008634967723610831
986.0,507.00000000000017,0.10668302406184753,0.019839761326417616,0.8726149998860926,0.0,0.0008622147256422963
988.0,505.99999999999994,0.10668377555568195,0.019840283415134254,0.8726149998860926,0.0,0.0008609411430912095
990.0,504.99999999999983,0.10668451936784458,0.019840804586673304,0.8726149998860926,0.0,0.000859676159389533
992.0,503.99999999999994,0.1066852554791074,0.019841324729734048,0.8726149998860926,0.0,0.0008584199050659658
994.0,503.0,0.10668598387291459,0.01984184373450731,0.8726149998860926,0.0,0.0008571725064855373
996.0,501.99999999999994,0.10668670453534135,0.019842361492717512,0.8726149998860926,0.0,0.0008559340858484976
998.0,501.0,0.1066874174550517,0.019842877897679547,0.8726149998860926,0.0,0.0008547047611762171
1000.0,499.9999999999998,0.10668812262325639,0.019843392844331502,0.8726149998860926,0.0,0.0008534846463195134
1002.0,499.00000000000006,0.10668882003366971,0.019843906229287053,0.8726149998860926,0.0,0.0008522738509506578
1004.0,498.0,0.10668950968246511,0.019844417950869234,0.8726149998860926,0.0,0.0008510724805730341
1006.0,496.99999999999994,0.106690191568231,0.019844927909150725,0.8726149998860926,0.0,0.0008498806365256906
1008.0,496.0,0.10669086569192607,0.019845436005992444,0.8726149998860926,0.0,0.0008486984159888911
1010.0,494.99999999999994,0.10669153205683349,0.019845942145071866,0.8726149998860926,0.0,0.0008475259120019896
1012.0,493.9999999999998,0.10669219066851487,0.019846446231923175,0.8726149998860926,0.0,0.0008463632134694254
1014.0,492.9999999999999,0.10669284153476476,0.019846948173959086,0.8726149998860926,0.0,0.000845210405183594
1016.0,492.0,0.10669348466556339,0.01984744788050623,0.8726149998860926,0.0,0.0008440675678378362
1018.0,491.0,0.10669412007302988,0.019847945262826353,0.8726149998860926,0.0,0.0008429347780511964
1020.0,489.9999999999999,0.10669474777137579,0.01984844023414294,0.8726149998860926,0.0,0.0008418121083886287
1022.0,489.0,0.10669536777685709,0.01984893270966383,0.8726149998860926,0.0,0.0008406996273864209
1024.0,487.99999999999966,0.10669598010772705,0.019849422606599047,0.8726149998860926,0.0,0.0008395973995812822
1026.0,486.99999999999983,0.10669658478418914,0.01984990984418361,0.8726149998860926,0.0,0.0008385054855346574
1028.0,485.9999999999998,0.10669718182834854,0.019850394343688845,0.8726149998860926,0.0,0.0008374239418700302
1030.0,484.9999999999999,0.10669777126416548,0.019850876028442883,0.8726149998860926,0.0,0.0008363528212990134
1032.0,483.9999999999998,0.10669835311740702,0.0198513548238382,0.8726149998860926,0.0,0.0008352921726622053
1034.0,483.0,0.10669892741559962,0.019851830657347542,0.8726149998860926,0.0,0.0008342420409602758
1036.0,481.99999999999983,0.10669949418798216,0.01985230345852959,0.8726149998860926,0.0,0.0008332024673955996
1038.0,481.00000000000006,0.10670005346545762,0.019852773159039386,0.8726149998860926,0.0,0.0008321734894103372
1040.0,480.0,0.10670060528054708,0.019853239692632644,0.8726149998860926,0.0,0.0008311551407276241
1042.0,478.9999999999998,0.10670114966734161,0.01985370299517083,0.8726149998860926,0.0,0.0008301474513949803
1044.0,477.99999999999983,0.10670168666145631,0.01985416300462394,0.8726149998860926,0.0,0.000829150447827165
1046.0,476.9999999999997,0.10670221629998332,0.019854619661070882,0.8726149998860926,0.0,0.0008281641528531392
1048.0,476.0,0.10670273862144558,0.019855072906700227,0.8726149998860926,0.0,0.0008271885857615846
1050.0,475.0,0.10670325366575115,0.01985552268580665,0.8726149998860926,0.0,0.0008262237623496427
1052.0,474.0,0.10670376147414701,0.019855968944789255,0.8726149998860926,0.0,0.000825269694971098
1054.0,473.00000000000006,0.10670426208917448,0.019856411632144695,0.8726149998860926,0.0,0.000824326392588226
1056.0,472.0,0.10670475555462346,0.019856850698462807,0.8726149998860926,0.0,0.0008233938608210867
1058.0,470.99999999999994,0.10670524191548882,0.0198572860964169,0.8726149998860926,0.0,0.0008224721020017034
1060.0,469.99999999999966,0.10670572121792526,0.019857717780756574,0.8726149998860926,0.0,0.0008215611152255775
1062.0,468.99999999999983,0.1067061935092047,0.01985814570829557,0.8726149998860926,0.0,0.0008206608964071993
1064.0,467.9999999999998,0.10670665883767198,0.019858569837901716,0.8726149998860926,0.0,0.0008197714383336718
1066.0,467.0000000000001,0.10670711725270308,0.019858990130482673,0.8726149998860926,0.0,0.0008188927307216654
1068.0,465.9999999999997,0.10670756880466212,0.019859406548973023,0.8726149998860926,0.0,0.0008180247602722623
1070.0,465.0000000000001,0.10670801354485998,0.019859819058318174,0.8726149998860926,0.0,0.0008171675107292442
1072.0,463.99999999999994,0.10670845152551302,0.019860227625458676,0.8726149998860926,0.0,0.0008163209629357127
1074.0,463.00000000000006,0.1067088827997021,0.019860632219312526,0.8726149998860926,0.0,0.0008154850948928205
1076.0,462.00000000000017,0.10670930742133303,0.019861032810756754,0.8726149998860926,0.0,0.0008146598818176143
1078.0,460.9999999999997,0.10670972544509603,0.01986142937260838,0.8726149998860926,0.0,0.0008138452962029863
1080.0,459.9999999999997,0.10671013692642786,0.019861821879603437,0.8726149998860926,0.0,0.0008130413078760723
1082.0,458.9999999999998,0.10671054192147215,0.019862210308376625,0.8726149998860926,0.0,0.0008122478840586478
1084.0,458.0,0.10671094048704256,0.019862594637438134,0.8726149998860926,0.0,0.0008114649894267467
1086.0,456.9999999999997,0.10671133268058497,0.01986297484715184,0.8726149998860926,0.0,0.0008106925861706138
1088.0,456.0,0.10671171856014072,0.01986335091971053,0.8726149998860926,0.0,0.0008099306340560997
1090.0,455.00000000000006,0.10671209818431125,0.019863722839112245,0.8726149998860926,0.0,0.0008091790904839469
1092.0,454.0,0.10671247161222167,0.019864090591134607,0.8726149998860926,0.0,0.0008084379105510742
1094.0,453.00000000000006,0.1067128389034868,0.019864454163309075,0.8726149998860926,0.0,0.0008077070471115277
1096.0,452.00000000000017,0.1067132001181767,0.01986481354489466,0.8726149998860926,0.0,0.0008069864508359892
1098.0,450.99999999999983,0.10671355531678273,0.019865168726850364,0.8726149998860926,0.0,0.000806276070274281
1100.0,449.99999999999994,0.10671390456018547,0.019865519701808092,0.8726149998860926,0.0,0.0008055758519138756
1102.0,448.9999999999999,0.10671424790962165,0.01986586646404397,0.8726149998860926,0.0,0.0008048857402418452
1104.0,447.9999999999999,0.10671458542665281,0.019866209009449933,0.8726149998860926,0.0,0.0008042056778047035
1106.0,447.00000000000006,0.10671491717313464,0.019866547335504598,0.8726149998860926,0.0,0.0008035356052681353
1108.0,445.99999999999994,0.10671524321118593,0.019866881441243503,0.8726149998860926,0.0,0.0008028754614779476
1110.0,445.0000000000001,0.10671556360315933,0.019867211327229465,0.8726149998860926,0.0,0.000802225183518579
1112.0,443.9999999999999,0.10671587841161241,0.019867536995522045,0.8726149998860926,0.0,0.0008015847067729398
1114.0,443.0,0.10671618769927872,0.019867858449647034,0.8726149998860926,0.0,0.0008009539649815878
1116.0,441.99999999999994,0.1067164915290403,0.019868175694565615,0.8726149998860926,0.0,0.0008003328903014584
1118.0,441.00000000000006,0.10671678996390073,0.019868488736643087,0.8726149998860926,0.0,0.0007997214133635966
1120.0,439.9999999999998,0.10671708306695818,0.019868797583617582,0.8726149998860926,0.0,0.0007991194633316656
1122.0,438.9999999999999,0.10671737090137963,0.01986910224456849,0.8726149998860926,0.0,0.0007985269679593454
1124.0,438.0000000000001,0.10671765353037597,0.019869402729884675,0.8726149998860926,0.0,0.000797943853646732
1126.0,437.0,0.10671793101717705,0.019869699051232665,0.8726149998860926,0.0,0.0007973700454977362
1128.0,435.9999999999998,0.10671820342500753,0.019869991221524663,0.8726149998860926,0.0,0.0007968054673752611
1130.0,435.00000000000006,0.10671847081706384,0.01987027925488649,0.8726149998860926,0.0,0.0007962500419570473
1132.0,433.9999999999999,0.10671873325649142,0.019870563166625485,0.8726149998860926,0.0,0.0007957036907905168
1134.0,432.9999999999999,0.10671899080636219,0.01987084297319839,0.8726149998860926,0.0,0.0007951663343468418
1136.0,431.99999999999994,0.10671924352965315,0.01987111869217925,0.8726149998860926,0.0,0.0007946378920750119
1138.0,430.9999999999999,0.10671949148922567,0.019871390342227242,0.8726149998860926,0.0,0.000794118282454459
1140.0,429.9999999999999,0.10671973474780501,0.01987165794305469,0.8726149998860926,0.0,0.000793607423047682
1142.0,429.0000000000001,0.10671997336796021,0.019871921515395116,0.8726149998860926,0.0,0.0007931052305520936
1144.0,428.0,0.10672020741208527,0.019872181080971264,0.8726149998860926,0.0,0.0007926116208508693
1146.0,427.0,0.1067204369423805,0.019872436662463404,0.8726149998860926,0.0,0.0007921265090635732
1148.0,425.99999999999994,0.1067206620208345,0.019872688283477758,0.8726149998860926,0.0,0.0007916498095951185
1150.0,424.9999999999997,0.10672088270920639,0.01987293596851496,0.8726149998860926,0.0,0.0007911814361860614
1152.0,423.99999999999994,0.10672109906900915,0.01987317974293876,0.8726149998860926,0.0,0.0007907213019595627
1154.0,423.0,0.10672131116149322,0.01987341963294504,0.8726149998860926,0.0,0.0007902693194691279
1156.0,422.0,0.10672151904763079,0.019873655665530923,0.8726149998860926,0.0,0.0007898254007456806
1158.0,420.99999999999994,0.10672172278810023,0.019873887868464044,0.8726149998860926,0.0,0.0007893894573431925
1160.0,420.00000000000006,0.10672192244327143,0.01987411627025226,0.8726149998860926,0.0,0.0007889614003837586
1162.0,418.99999999999994,0.10672211807319165,0.01987434090011358,0.8726149998860926,0.0,0.000788541140602117
1164.0,418.0,0.10672230973757182,0.019874561787946297,0.8726149998860926,0.0,0.0007881285883892808
1166.0,416.99999999999994,0.10672249749577328,0.019874778964299362,0.8726149998860926,0.0,0.0007877236538347265
1168.0,415.99999999999966,0.10672268140679499,0.0198749924603433,0.8726149998860926,0.0,0.0007873262467691378
1170.0,414.9999999999999,0.10672286152926129,0.01987520230784133,0.8726149998860926,0.0,0.0007869362768048171
1172.0,413.99999999999983,0.1067230379214103,0.019875408539120763,0.8726149998860926,0.0,0.0007865536533763207
1174.0,412.9999999999999,0.10672321064108264,0.01987561118704473,0.8726149998860926,0.0,0.0007861782857800925
1176.0,411.9999999999997,0.10672337974571061,0.019875810284984457,0.8726149998860926,0.0,0.0007858100832123238
1178.0,411.0,0.10672354529230783,0.019876005866791818,0.8726149998860926,0.0,0.0007854489548078103
1180.0,410.0,0.10672370733745933,0.019876197966772216,0.8726149998860926,0.0,0.0007850948096759236
1182.0,408.9999999999999,0.10672386593731216,0.019876386619657828,0.8726149998860926,0.0,0.0007847475569373596
1184.0,408.0,0.10672402114756648,0.019876571860581383,0.8726149998860926,0.0,0.0007844071057595547
1186.0,406.99999999999994,0.10672417302346689,0.01987675372505033,0.8726149998860926,0.0,0.0007840733653902143
1188.0,405.9999999999998,0.10672432161979441,0.019876932248921373,0.8726149998860926,0.0,0.0007837462451916188
1190.0,404.99999999999966,0.10672446699085862,0.0198771074683754,0.8726149998860926,0.0,0.0007834256546733753
1192.0,403.9999999999997,0.10672460919049039,0.01987727941989284,0.8726149998860926,0.0,0.0007831115035241698
1194.0,402.9999999999998,0.10672474827203492,0.019877448140229598,0.8726149998860926,0.0,0.0007828037016428535
1196.0,402.0,0.10672488428834533,0.01987761366639333,0.8726149998860926,0.0,0.000782502159168752
1198.0,400.99999999999994,0.10672501729177641,0.01987777603562019,0.8726149998860926,0.0,0.000782206786510864
1200.0,399.99999999999983,0.10672514733417895,0.01987793528535196,0.8726149998860926,0.0,0.000781917494376505
1202.0,398.99999999999994,0.10672527446689425,0.01987809145321368,0.8726149998860926,0.0,0.0007816341937995075
1204.0,398.00000000000006,0.1067253987407491,0.0198782445769918,0.8726149998860926,0.0,0.0007813567961665324
1206.0,396.9999999999999,0.10672552020605108,0.019878394694612788,0.8726149998860926,0.0,0.0007810852132434931
1208.0,396.0,0.10672563891258421,0.019878541844122126,0.8726149998860926,0.0,0.0007808193572010902
1210.0,394.9999999999999,0.10672575490960501,0.019878686063663827,0.8726149998860926,0.0,0.0007805591406385703
1212.0,393.9999999999997,0.10672586824583874,0.019878827391460362,0.8726149998860926,0.0,0.0007803044766083733
1214.0,392.99999999999994,0.10672597896947612,0.01987896586579313,0.8726149998860926,0.0,0.0007800552786381143
1216.0,392.0,0.10672608712817028,0.019879101524983393,0.8726149998860926,0.0,0.0007798114607537876
1218.0,391.0,0.10672619276903397,0.019879234407373686,0.8726149998860926,0.0,0.0007795729374997507
1220.0,390.0,0.10672629593863721,0.019879364551309658,0.8726149998860926,0.0,0.0007793396239605954
1222.0,389.0,0.10672639668300504,0.019879491995122418,0.8726149998860926,0.0,0.0007791114357799112
1224.0,387.9999999999999,0.10672649504761576,0.019879616777111312,0.8726149998860926,0.0,0.0007788882891803794
1226.0,386.99999999999966,0.10672659107739935,0.019879738935527188,0.8726149998860926,0.0,0.0007786701009808716
1228.0,385.9999999999998,0.10672668481673611,0.01987985850855618,0.8726149998860926,0.0,0.0007784567886151006
1230.0,384.9999999999999,0.10672677630945573,0.01987997553430391,0.8726149998860926,0.0,0.0007782482701477189
1232.0,383.99999999999994,0.10672686559883644,0.01988009005078018,0.8726149998860926,0.0,0.0007780444642907502
1234.0,383.0,0.10672695272760448,0.019880202095884095,0.8726149998860926,0.0,0.0007778452904187994
1236.0,382.0,0.10672703773793384,0.01988031170738966,0.8726149998860926,0.0,0.0007776506685839291
1238.0,381.0,0.10672712067144623,0.019880418922931825,0.8726149998860926,0.0,0.0007774605195294271
1240.0,380.0,0.10672720156921126,0.019880523779992984,0.8726149998860926,0.0,0.0007772747647032396
1242.0,379.0,0.10672728047174683,0.01988062631588994,0.8726149998860926,0.0,0.0007770933262706281
1244.0,378.0,0.10672735741901977,0.019880726567761332,0.8726149998860926,0.0,0.0007769161271262703
1246.0,377.0,0.10672743245044672,0.019880824572555456,0.8726149998860926,0.0,0.000776743090905252
1248.0,376.0,0.10672750560489513,0.019880920367018558,0.8726149998860926,0.0,0.0007765741419937244
1250.0,375.0,0.10672757692068456,0.019881013987683546,0.8726149998860926,0.0,0.0007764092055393412
1252.0,374.0,0.10672764643558809,0.01988110547085913,0.8726149998860926,0.0,0.0007762482074602506
1254.0,373.0,0.10672771418683395,0.01988119485261939,0.8726149998860926,0.0,0.0007760910744540883
1256.0,372.0,0.10672778021110739,0.019881282168793746,0.8726149998860926,0.0,0.0007759377340063045
1258.0,371.0,0.1067278445445526,0.01988136745495736,0.8726149998860926,0.0,0.000775788114397491
1260.0,370.0,0.1067279072227749,0.019881450746421944,0.8726149998860926,0.0,0.0007756421447105977
1262.0,369.0,0.10672796828084309,0.019881532078226977,0.8726149998860926,0.0,0.0007754997548373721
1264.0,368.0,0.10672802775329186,0.0198816114851313,0.8726149998860926,0.0,0.0007753608754842434
1266.0,367.0,0.1067280856741245,0.019881689001605116,0.8726149998860926,0.0,0.0007752254381777623
1268.0,366.0,0.10672814207681566,0.019881764661822364,0.8726149998860926,0.0,0.0007750933752693756
1270.0,365.0,0.10672819699431424,0.019881838499653477,0.8726149998860926,0.0,0.0007749646199397553
1272.0,364.0,0.1067282504590465,0.01988191054865851,0.8726149998860926,0.0,0.0007748391062023519
1274.0,363.0,0.10672830250291927,0.019881980842080635,0.8726149998860926,0.0,0.0007747167689075019
1276.0,362.0,0.10672835315732321,0.01988204941284,0.8726149998860926,0.0,0.0007745975437442043
1278.0,361.0,0.10672840245313628,0.019882116293527926,0.8726149998860926,0.0,0.0007744813672432294
1280.0,360.0,0.10672845042072734,0.01988218151640147,0.8726149998860926,0.0,0.0007743681767785615
1282.0,359.00000000000006,0.10672849708995978,0.019882245113378313,0.8726149998860926,0.0,0.0007742579105692871
1284.0,358.00000000000006,0.10672854249019531,0.019882307116032012,0.8726149998860926,0.0,0.0007741505076801491
1286.0,357.0000000000001,0.10672858665029784,0.019882367555587536,0.8726149998860926,0.0,0.0007740459080219919
1288.0,356.0,0.10672862959863749,0.019882426462917147,0.8726149998860926,0.0,0.0007739440523527596
1290.0,354.99999999999966,0.10672867136309462,0.019882483868536593,0.8726149998860926,0.0,0.0007738448822761645
1292.0,354.00000000000006,0.10672871197106401,0.019882539802601597,0.8726149998860926,0.0,0.0007737483402417977
1294.0,353.0000000000001,0.10672875144945912,0.01988259429490467,0.8726149998860926,0.0,0.0007736543695435749
1296.0,351.9999999999999,0.1067287898247164,0.019882647374872175,0.8726149998860926,0.0,0.0007735629143188483
1298.0,351.00000000000006,0.1067288271227997,0.019882699071561726,0.8726149998860926,0.0,0.0007734739195459639
1300.0,349.9999999999999,0.10672886336920476,0.019882749413659827,0.8726149998860926,0.0,0.0007733873310428185
1302.0,349.00000000000017,0.10672889858896371,0.019882798429479806,0.8726149998860926,0.0,0.000773303095463862
1304.0,348.00000000000006,0.10672893280664973,0.01988284614696001,0.8726149998860926,0.0,0.0007732211602976546
1306.0,346.99999999999994,0.10672896604638168,0.01988289259366225,0.8726149998860926,0.0,0.0007731414738634257
1308.0,346.0,0.10672896604638168,0.01988289259366225,0.8726149998860926,1.065215679101467e-05,0.0007624893170724567
1310.0,345.0,0.10672896604638168,0.01988289259366225,0.8726149998860926,2.444607324154183e-05,0.0007486954006218349
1312.0,344.0000000000001,0.10672896604638168,0.01988289259366225,0.8726149998860926,3.7990448974861494e-05,0.0007351510248885251
1314.0,343.0,0.10672896604638168,0.01988289259366225,0.8726149998860926,5.128979834118235e-05,0.0007218516755221893
1316.0,341.99999999999994,0.10672896604638168,0.01988289259366225,0.8726149998860926,6.434855402323973e-05,0.0007087929198401621
1318.0,341.0,0.10672896604638168,0.01988289259366225,0.8726149998860926,7.717106851372362e-05,0.000695970405349744
1320.0,340.0,0.10672896604638168,0.01988289259366225,0.8726149998860926,8.976161556596724e-05,0.0006833798582974726
1322.0,339.0,0.10672896604638168,0.01988289259366225,0.8726149998860926,0.00010212439161838632,0.0006710170822450401
1324.0,338.0,0.10672896604638168,0.01988289259366225,0.8726149998860926,0.0001142635171931589,0.0006588779566703007
1326.0,337.0,0.10672896604638168,0.01988289259366225,0.8726149998860926,0.0001261830382695973,0.000646958435593814
1328.0,336.0,0.10672896604638168,0.01988289259366225,0.8726149998860926,0.00013788692763267606,0.0006352545462307013
1330.0,335.0,0.10672896604638168,0.01988289259366225,0.8726149998860926,0.00014937908619716428,0.0006237623876662601
1332.0,334.0,0.10672896604638168,0.01988289259366225,0.8726149998860926,0.00016066334430780293,0.0006124781295556714
1334.0,333.0,0.10672896604638168,0.01988289259366225,0.8726149998860926,0.000171743463015962,0.0006013980108474648
1336.0,332.0,0.10672896604638168,0.01988289259366225,0.8726149998860926,0.00018262313533320084,0.0005905183385301882
1338.0,331.0000000000002,0.10672896604638168,0.01988289259366225,0.8726149998860926,0.00019330598746215028,0.0005798354864012811
1340.0,329.99999999999994,0.10672896604638168,0.01988289259366225,0.8726149998860926,0.00020379558000514016,0.0005693458938582641
1342.0,329.0,0.10672896604638168,0.01988289259366225,0.8726149998860926,0.00021409540915092433,0.0005590460647124651
1344.0,328.0,0.10672896604638168,0.01988289259366225,0.8726149998860926,0.00022420890783999238,0.0005489325660233968
1346.0,327.0,0.10672896604638168,0.01988289259366225,0.8726149998860926,0.00023413944690875367,0.0005390020269546714
1348.0,326.0,0.10672896604638168,0.01988289259366225,0.8726149998860926,0.00024389033621304463,0.0005292511376503439
1350.0,325.0,0.10672896604638168,0.01988289259366225,0.8726149998860926,0.0002534648257313056,0.000519676648132128
1352.0,324.0,0.10672896604638168,0.01988289259366225,0.8726149998860926,0.000262866106647801,0.0005102753672155957
1354.0,323.0,0.10672896604638168,0.01988289259366225,0.8726149998860926,0.0002720973124162432,0.0005010441614471395
1356.0,322.0,0.10672896604638168,0.01988289259366225,0.8726149998860926,0.00028116151980417506,0.0004919799540592518
1358.0,321.0,0.10672896604638168,0.01988289259366225,0.8726149998860926,0.00029006174991845875,0.0004830797239450124
1360.0,320.0,0.10672896604638168,0.01988289259366225,0.8726149998860926,0.0002988009692122128,0.00047434050465122723
1362.0,319.0,0.10672896604638168,0.01988289259366225,0.8726149998860926,0.0003073820904735331,0.00046575938338988543
1364.0,318.0,0.10672896604638168,0.01988289259366225,0.8726149998860926,0.00031580797379632746,0.00045733350006704754
1366.0,317.0,0.10672896604638168,0.01988289259366225,0.8726149998860926,0.0003240814275335863,0.00044906004632983
1368.0,316.0,0.10672896604638168,0.01988289259366225,0.8726149998860926,0.0003322052092334097,0.000440936264630043
1370.0,315.0,0.10672896604638168,0.01988289259366225,0.8726149998860926,0.0003401820265580993,0.00043295944730536995
1372.0,314.0,0.10672896604638168,0.01988289259366225,0.8726149998860926,0.00034801453818662483,0.0004251269356767562
1374.0,313.00000000000006,0.10672896604638168,0.01988289259366225,0.8726149998860926,0.0003557053547007625,0.000417436119162673
1376.0,311.9999999999997,0.10672896604638168,0.01988289259366225,0.8726149998860926,0.000363257039455209,0.0004098844344082586
1378.0,310.99999999999994,0.10672896604638168,0.01988289259366225,0.8726149998860926,0.000370672109431934,0.0004024693644314459
1380.0,310.0,0.10672896604638168,0.01988289259366225,0.8726149998860926,0.00037795303607911647,0.0003951884377842996
1382.0,309.0,0.10672896604638168,0.01988289259366225,0.8726149998860926,0.00038510224613486007,0.0003880392277285649
1384.0,308.0,0.10672896604638168,0.01988289259366225,0.8726149998860926,0.00039212212243603387,0.00038101935142742516
1386.0,307.0,0.10672896604638168,0.01988289259366225,0.8726149998860926,0.0003990150047124742,0.00037412646915091496
1388.0,306.0,0.10672896604638168,0.01988289259366225,0.8726149998860926,0.00040578319036681677,0.0003673582834966549
1390.0,305.0,0.10672896604638168,0.01988289259366225,0.8726149998860926,0.0004124289352402234,0.0003607125386232424
1392.0,304.0,0.10672896604638168,0.01988289259366225,0.8726149998860926,0.00041895445436425523,0.00035418701949918585
1394.0,303.0,0.10672896604638168,0.01988289259366225,0.8726149998860926,0.00042536192269914443,0.0003477795511642734
1396.0,302.0,0.10672896604638168,0.01988289259366225,0.8726149998860926,0.00043165347585871,0.0003414879980047081
1398.0,301.0,0.10672896604638168,0.01988289259366225,0.8726149998860926,0.00043783121082215933,0.000335310263041233
1400.0,300.0,0.10672896604638168,0.01988289259366225,0.8726149998860926,0.00044389718663301287,0.00032924428723046795
1402.0,299.0,0.10672896604638168,0.01988289259366225,0.8726149998860926,0.0004498534250853851,0.0003232880487780143
1404.0,298.0,0.10672896604638168,0.01988289259366225,0.8726149998860926,0.00045570191139784937,0.00031743956246554905
1406.0,297.0,0.10672896604638168,0.01988289259366225,0.8726149998860926,0.00046144459487511323,0.0003116968789883545
1408.0,296.0,0.10672896604638168,0.01988289259366225,0.8726149998860926,0.00046708338955772324,0.000306058084305727
1410.0,295.0,0.10672896604638168,0.01988289259366225,0.8726149998860926,0.0004726201748600154,0.00030052129900337565
1412.0,294.0,0.10672896604638168,0.01988289259366225,0.8726149998860926,0.00047805679619652557,0.0002950846776669236
1414.0,293.0,0.10672896604638168,0.01988289259366225,0.8726149998860926,0.0004833950655970678,0.0002897464082664003
1416.0,292.0,0.10672896604638168,0.01988289259366225,0.8726149998860926,0.0004886367623106846,0.0002845047115527244
1418.0,290.99999999999994,0.10672896604638168,0.01988289259366225,0.8726149998860926,0.0004937836333986731,0.00027935784046473344
1420.0,290.0,0.10672896604638168,0.01988289259366225,0.8726149998860926,0.0004988373943168792,0.000274304079546539
1422.0,289.0,0.10672896604638168,0.01988289259366225,0.8726149998860926,0.0005037997294874642,0.0002693417443759838
1424.0,288.0,0.10672896604638168,0.01988289259366225,0.8726149998860926,0.0005086722928603206,0.0002644691810030908
1426.0,287.0,0.10672896604638168,0.01988289259366225,0.8726149998860926,0.0005134567084643359,0.0002596847653990597
1428.0,286.0,0.10672896604638168,0.01988289259366225,0.8726149998860926,0.0005181545709486828,0.00025498690291470005
1430.0,285.0,0.10672896604638168,0.01988289259366225,0.8726149998860926,0.000522767446114317,0.00025037402774907846
1432.0,283.99999999999994,0.10672896604638168,0.01988289259366225,0.8726149998860926,0.0005272968714358595,0.00024584460242760287
1434.0,283.0000000000001,0.10672896604638168,0.01988289259366225,0.8726149998860926,0.0005317443565740365,0.00024139711728943247
1436.0,281.99999999999994,0.10672896604638168,0.01988289259366225,0.8726149998860926,0.0005361113838788563,0.00023703008998454678
1438.0,280.99999999999994,0.10672896604638168,0.01988289259366225,0.8726149998860926,0.0005403994088836676,0.00023274206497980732
1440.0,280.0,0.10672896604638168,0.01988289259366225,0.8726149998860926,0.0005446098607902992,0.00022853161307312408
1442.0,279.0,0.10672896604638168,0.01988289259366225,0.8726149998860926,0.0005487441429454098,0.00022439733091805802
1444.0,278.0,0.10672896604638168,0.01988289259366225,0.8726149998860926,0.0005528036333082242,0.0002203378405551959
1446.0,277.0,0.10672896604638168,0.01988289259366225,0.8726149998860926,0.0005567896849098092,0.00021635178895362817
1448.0,276.0,0.10672896604638168,0.01988289259366225,0.8726149998860926,0.0005607036263040397,0.0002124378475594213
1450.0,274.99999999999994,0.10672896604638168,0.01988289259366225,0.8726149998860926,0.0005645467620104065,0.00020859471185297185
1452.0,274.0000000000001,0.10672896604638168,0.01988289259366225,0.8726149998860926,0.000568320372948812,0.00020482110091457617
1454.0,272.9999999999999,0.10672896604638168,0.01988289259366225,0.8726149998860926,0.0005720257168665072,0.00020111575699688355
1456.0,271.99999999999994,0.10672896604638168,0.01988289259366225,0.8726149998860926,0.0005756640287572905,0.00019747744510612009
1458.0,271.0,0.10672896604638168,0.01988289259366225,0.8726149998860926,0.0005792365212731414,0.00019390495259030693
1460.0,270.0,0.10672896604638168,0.01988289259366225,0.8726149998860926,0.0005827443851283931,0.00019039708873502814
1462.0,269.0,0.10672896604638168,0.01988289259366225,0.8726149998860926,0.0005861887894965991,0.00018695268436685897
1464.0,268.0,0.10672896604638168,0.01988289259366225,0.8726149998860926,0.0005895708824002206,0.0001835705914632335
1466.0,267.0,0.10672896604638168,0.01988289259366225,0.8726149998860926,0.0005928917910932623,0.00018024968277019493
1468.0,266.0,0.10672896604638168,0.01988289259366225,0.8726149998860926,0.000596152622436988,0.00017698885142647391
1470.0,265.0,0.10672896604638168,0.01988289259366225,0.8726149998860926,0.0005993544632688369,0.00017378701059456159
1472.0,264.0,0.10672896604638168,0.01988289259366225,0.8726149998860926,0.0006024983807646684,0.0001706430930987768
1474.0,263.0,0.10672896604638168,0.01988289259366225,0.8726149998860926,0.0006055854227944524,0.00016755605106899552
1476.0,262.0,0.10672896604638168,0.01988289259366225,0.8726149998860926,0.0006086166182715243,0.00016452485559192986
1478.0,261.0,0.10672896604638168,0.01988289259366225,0.8726149998860926,0.0006115929774955241,0.00016154849636784707
1480.0,260.0,0.10672896604638168,0.01988289259366225,0.8726149998860926,0.0006145154924891282,0.00015862598137428296
1482.0,259.0,0.10672896604638168,0.01988289259366225,0.8726149998860926,0.0006173851373286927,0.0001557563365347514
1484.0,258.0,0.10672896604638168,0.01988289259366225,0.8726149998860926,0.0006202028684689131,0.00015293860539455917
1486.0,257.0,0.10672896604638168,0.01988289259366225,0.8726149998860926,0.0006229696250616114,0.00015017184880183887
1488.0,256.0,0.10672896604638168,0.01988289259366225,0.8726149998860926,0.0006256863292687559,0.00014745514459468811
1490.0,255.0,0.10672896604638168,0.01988289259366225,0.8726149998860926,0.0006283538865698192,0.00014478758729363772
1492.0,254.0,0.10672896604638168,0.01988289259366225,0.8726149998860926,0.0006309731860635742,0.0001421682877998931
1494.0,253.0,0.10672896604638168,0.01988289259366225,0.8726149998860926,0.0006335451007644321,0.00013959637309901574
1496.0,252.00000000000003,0.10672896604638168,0.01988289259366225,0.8726149998860926,0.0006360704878934182,0.00013707098597004475
1498.0,251.00000000000006,0.10672896604638168,0.01988289259366225,0.8726149998860926,0.0006385501891638847,0.00013459128469950343
1500.0,250.0,0.10672896604638168,0.01988289259366225,0.8726149998860926,0.0006409850310620544,0.00013215644280140104
1502.0,248.99999999999983,0.10672896604638168,0.01988289259366225,0.8726149998860926,0.0006433758251224886,0.00012976564874089824
1504.0,247.99999999999994,0.10672896604638168,0.01988289259366225,0.8726149998860926,0.0006457233681985717,0.000127418105664856
1506.0,247.0,0.10672896604638168,0.01988289259366225,0.8726149998860926,0.0006480284427281057,0.00012511303113527106
1508.0,246.0,0.10672896604638168,0.01988289259366225,0.8726149998860926,0.0006502918169940942,0.00012284965686937266
1510.0,245.0,0.10672896604638168,0.01988289259366225,0.8726149998860926,0.0006525142453808129,0.00012062722848260599
1512.0,244.0,0.10672896604638168,0.01988289259366225,0.8726149998860926,0.0006546964686252466,0.00011844500523816581
1514.0,243.00000000000003,0.10672896604638168,0.01988289259366225,0.8726149998860926,0.0006568392140639771,0.00011630225979941677
1516.0,242.00000000000003,0.10672896604638168,0.01988289259366225,0.8726149998860926,0.0006589431958756053,0.00011419827798786475
1518.0,240.99999999999991,0.10672896604638168,0.01988289259366225,0.8726149998860926,0.000661009115318787,0.00011213235854468095
1520.0,239.9999999999999,0.10672896604638168,0.01988289259366225,0.8726149998860926,0.000663037660965963,0.00011010381289744409
1522.0,238.99999999999994,0.10672896604638168,0.01988289259366225,0.8726149998860926,0.0006650295089328608,0.0001081119649305462
1524.0,238.0,0.10672896604638168,0.01988289259366225,0.8726149998860926,0.0006669853231038452,0.00010615615075959539
1526.0,237.00000000000003,0.10672896604638168,0.01988289259366225,0.8726149998860926,0.0006689057553531906,0.00010423571851025937
1528.0,236.00000000000003,0.10672896604638168,0.01988289259366225,0.8726149998860926,0.0006707914457623512,0.00010235002810110583
1530.0,234.99999999999997,0.10672896604638168,0.01988289259366225,0.8726149998860926,0.000672643022833301,0.00010049845103010657
1532.0,234.0,0.10672896604638168,0.01988289259366225,0.8726149998860926,0.0006744611036980133,9.868037016536046e-05
1534.0,233.0,0.10672896604638168,0.01988289259366225,0.8726149998860926,0.0006762462943241523,9.689517953925808e-05
1536.0,231.99999999999986,0.10672896604638168,0.01988289259366225,0.8726149998860926,0.0006779991897170419,9.514228414642112e-05
1538.0,231.00000000000006,0.10672896604638168,0.01988289259366225,0.8726149998860926,0.0006797203741179804,9.342109974541657e-05
1540.0,230.0,0.10672896604638168,0.01988289259366225,0.8726149998860926,0.0006814104211989714,9.173105266446768e-05
1542.0,229.0,0.10672896604638168,0.01988289259366225,0.8726149998860926,0.000683069894253926,9.007157960949641e-05
1544.0,228.00000000000003,0.10672896604638168,0.01988289259366225,0.8726149998860926,0.0006846993463864106,8.844212747705082e-05
1546.0,227.00000000000003,0.10672896604638168,0.01988289259366225,0.8726149998860926,0.0006862993206939969,8.684215316945298e-05
1548.0,225.99999999999997,0.10672896604638168,0.01988289259366225,0.8726149998860926,0.0006878703504492758,8.527112341416565e-05
1550.0,225.0,0.10672896604638168,0.01988289259366225,0.8726149998860926,0.0006894129592775981,8.372851458582353e-05
1552.0,224.0,0.10672896604638168,0.01988289259366225,0.8726149998860926,0.0006909276613315994,8.221381253181725e-05
1554.0,222.99999999999997,0.10672896604638168,0.01988289259366225,0.8726149998860926,0.0006924149614625673,8.072651240087492e-05
1556.0,221.99999999999983,0.10672896604638168,0.01988289259366225,0.8726149998860926,0.0006938753553887084,7.926611847475229e-05
1558.0,220.99999999999994,0.10672896604638168,0.01988289259366225,0.8726149998860926,0.0006953093298603716,7.783214400303162e-05
1560.0,220.0,0.10672896604638168,0.01988289259366225,0.8726149998860926,0.0006967173628222832,7.642411104114011e-05
1562.0,219.00000000000003,0.10672896604638168,0.01988289259366225,0.8726149998860926,0.0006980999235728455,7.504155029058879e-05
1564.0,218.00000000000003,0.10672896604638168,0.01988289259366225,0.8726149998860926,0.000699457472920554,7.36840009428752e-05
1566.0,216.99999999999997,0.10672896604638168,0.01988289259366225,0.8726149998860926,0.0007007904633375857,7.235101052582849e-05
1568.0,216.0,0.10672896604638168,0.01988289259366225,0.8726149998860926,0.0007020993391106083,7.104213475284116e-05
1570.0,215.0,0.10672896604638168,0.01988289259366225,0.8726149998860926,0.0007033845364888614,6.975693737454325e-05
1572.0,214.0,0.10672896604638168,0.01988289259366225,0.8726149998860926,0.0007046464838295584,6.849499003391823e-05
1574.0,213.00000000000003,0.10672896604638168,0.01988289259366225,0.8726149998860926,0.0007058856017406584,6.725587212275119e-05
1576.0,212.00000000000003,0.10672896604638168,0.01988289259366225,0.8726149998860926,0.0007071023032210553,6.603917064240683e-05
1578.0,210.99999999999997,0.10672896604638168,0.01988289259366225,0.8726149998860926,0.0007082969937982303,6.484448006516264e-05
1580.0,210.0,0.10672896604638168,0.01988289259366225,0.8726149998860926,0.0007094700716634146,6.367140219998291e-05
1582.0,209.00000000000003,0.10672896604638168,0.01988289259366225,0.8726149998860926,0.0007106219278043071,6.251954605906995e-05
1584.0,207.99999999999997,0.10672896604638168,0.01988289259366225,0.8726149998860926,0.0007117529461353908,6.138852772807901e-05
1586.0,207.0,0.10672896604638168,0.01988289259366225,0.8726149998860926,0.0007128635036258913,6.0277970237554435e-05
1588.0,205.99999999999997,0.10672896604638168,0.01988289259366225,0.8726149998860926,0.0007139539704254216,5.918750343802959e-05
1590.0,204.99999999999994,0.10672896604638168,0.01988289259366225,0.8726149998860926,0.0007150247099873525,5.8116763876125965e-05
1592.0,204.0,0.10672896604638168,0.01988289259366225,0.8726149998860926,0.0007160760791899526,5.706539467342786e-05
1594.0,203.00000000000003,0.10672896604638168,0.01988289259366225,0.8726149998860926,0.0007171084284553357,5.603304540813259e-05
1596.0,201.99999999999997,0.10672896604638168,0.01988289259366225,0.8726149998860926,0.000718122101866257,5.5019371997144795e-05
1598.0,201.0,0.10672896604638168,0.01988289259366225,0.8726149998860926,0.0007191174372807954,5.402403658261168e-05
1600.0,200.0,0.10672896604638168,0.01988289259366225,0.8726149998860926,0.000720094766444963,5.304670741845818e-05
1602.0,199.0,0.10672896604638168,0.01988289259366225,0.8726149998860926,0.0007210544151032749,5.208705876014186e-05
1604.0,197.99999999999997,0.10672896604638168,0.01988289259366225,0.8726149998860926,0.0007219967031073219,5.1144770756073044e-05
1606.0,197.00000000000003,0.10672896604638168,0.01988289259366225,0.8726149998860926,0.000722921944522375,5.0219529341033464e-05
1608.0,195.99999999999997,0.10672896604638168,0.01988289259366225,0.8726149998860926,0.0007238304477320659,4.931102613137117e-05
1610.0,195.0,0.10672896604638168,0.01988289259366225,0.8726149998860926,0.0007247225155411696,4.841895832230492e-05
1612.0,194.00000000000003,0.10672896604638168,0.01988289259366225,0.8726149998860926,0.0007255984452765304,4.7543028586893854e-05
1614.0,192.99999999999997,0.10672896604638168,0.01988289259366225,0.8726149998860926,0.0007264585288861615,4.668294497722769e-05
1616.0,192.0,0.10672896604638168,0.01988289259366225,0.8726149998860926,0.00072730305303655,4.583842082683809e-05
1618.0,191.0,0.10672896604638168,0.01988289259366225,0.8726149998860926,0.0007281322992082048,4.5009174655219475e-05
1620.0,190.00000000000006,0.10672896604638168,0.01988289259366225,0.8726149998860926,0.0007289465437894733,4.419493007390418e-05
1622.0,189.0,0.10672896604638168,0.01988289259366225,0.8726149998860926,0.0007297460581686618,4.339541569475802e-05
1624.0,188.00000000000006,0.10672896604638168,0.01988289259366225,0.8726149998860926,0.0007305311088244897,4.2610365038942e-05
1626.0,187.0,0.10672896604638168,0.01988289259366225,0.8726149998860926,0.000731301957414907,4.183951644853856e-05
1628.0,185.99999999999994,0.10672896604638168,0.01988289259366225,0.8726149998860926,0.000732058860864305,4.1082612999066015e-05
1630.0,185.00000000000006,0.10672896604638168,0.01988289259366225,0.8726149998860926,0.0007328020714491496,4.033940241432443e-05
1632.0,183.99999999999991,0.10672896604638168,0.01988289259366225,0.8726149998860926,0.0007335318368820651,3.960963698135256e-05
1634.0,183.00000000000003,0.10672896604638168,0.01988289259366225,0.8726149998860926,0.0007342484003943965,3.889307346904847e-05
1636.0,181.99999999999991,0.10672896604638168,0.01988289259366225,0.8726149998860926,0.0007349520008172797,3.818947304612408e-05
1638.0,181.0,0.10672896604638168,0.01988289259366225,0.8726149998860926,0.0007356428726612431,3.74986012021683e-05
1640.0,179.99999999999997,0.10672896604638168,0.01988289259366225,0.8726149998860926,0.0007363212461943707,3.682022766904325e-05
1642.0,179.00000000000003,0.10672896604638168,0.01988289259366225,0.8726149998860926,0.0007369873475190508,3.615412634438986e-05
1644.0,178.0,0.10672896604638168,0.01988289259366225,0.8726149998860926,0.0007376413986473353,3.550007521613274e-05
1646.0,177.0,0.10672896604638168,0.01988289259366225,0.8726149998860926,0.0007382836175749373,3.4857856288539324e-05
1648.0,176.0,0.10672896604638168,0.01988289259366225,0.8726149998860926,0.0007389142183538886,3.422725550950023e-05
1650.0,175.0,0.10672896604638168,0.01988289259366225,0.8726149998860926,0.0007395334111638839,3.360806269958605e-05
1652.0,174.0,0.10672896604638168,0.01988289259366225,0.8726149998860926,0.0007401414023823333,3.3000071481104065e-05
1654.0,172.99999999999997,0.10672896604638168,0.01988289259366225,0.8726149998860926,0.0007407383946531488,3.240307921026364e-05
1656.0,172.0,0.10672896604638168,0.01988289259366225,0.8726149998860926,0.0007413245869542849,3.1816886909119546e-05
1658.0,171.00000000000003,0.10672896604638168,0.01988289259366225,0.8726149998860926,0.0007419001746640585,3.124129919940266e-05
1660.0,170.00000000000003,0.10672896604638168,0.01988289259366225,0.8726149998860926,0.0007424653496262686,3.0676124237127844e-05
1662.0,169.0,0.10672896604638168,0.01988289259366225,0.8726149998860926,0.0007430203002141378,3.0121173649311217e-05
1664.0,168.00000000000006,0.10672896604638168,0.01988289259366225,0.8726149998860926,0.0007435652113930975,2.9576262470354386e-05
1666.0,167.00000000000003,0.10672896604638168,0.01988289259366225,0.8726149998860926,0.0007441002647824368,2.9041209080982178e-05
1668.0,166.00000000000003,0.10672896604638168,0.01988289259366225,0.8726149998860926,0.0007446256387158364,2.8515835147624458e-05
1670.0,165.00000000000003,0.10672896604638168,0.01988289259366225,0.8726149998860926,0.0007451415083008072,2.7999965562575113e-05
1672.0,164.00000000000003,0.10672896604638168,0.01988289259366225,0.8726149998860926,0.0007456480454770542,2.7493428386371477e-05
1674.0,163.0,0.10672896604638168,0.01988289259366225,0.8726149998860926,0.0007461454190737837,2.699605478961864e-05
1676.0,162.00000000000003,0.10672896604638168,0.01988289259366225,0.8726149998860926,0.0007466337948659744,2.65076789974783e-05
1678.0,161.0,0.10672896604638168,0.01988289259366225,0.8726149998860926,0.0007471133356296301,2.602813823382455e-05
1680.0,160.0,0.10672896604638168,0.01988289259366225,0.8726149998860926,0.0007475842011960333,2.5557272667398045e-05
1682.0,159.0,0.10672896604638168,0.01988289259366225,0.8726149998860926,0.0007480465485050172,2.5094925358404296e-05
1684.0,158.0,0.10672896604638168,0.01988289259366225,0.8726149998860926,0.0007485005316572731,2.4640942206111127e-05
1686.0,157.0,0.10672896604638168,0.01988289259366225,0.8726149998860926,0.0007489463019657136,2.41951718976674e-05
1688.0,155.99999999999991,0.10672896604638168,0.01988289259366225,0.8726149998860926,0.000749384008005904,2.3757465857476845e-05
1690.0,155.00000000000006,0.10672896604638168,0.01988289259366225,0.8726149998860926,0.000749813795665583,2.3327678197793134e-05
1692.0,153.99999999999994,0.10672896604638168,0.01988289259366225,0.8726149998860926,0.000750235808193288,2.2905665670092112e-05
1694.0,153.0,0.10672896604638168,0.01988289259366225,0.8726149998860926,0.000750650186246099,2.2491287617332212e-05
1696.0,151.99999999999997,0.10672896604638168,0.01988289259366225,0.8726149998860926,0.0007510570679365198,2.208440592688099e-05
1698.0,151.0,0.10672896604638168,0.01988289259366225,0.8726149998860926,0.0007514565888785112,2.1684884984884967e-05
1700.0,150.0,0.10672896604638168,0.01988289259366225,0.8726149998860926,0.0007518488822326919,2.129259163075048e-05
1702.0,149.0,0.10672896604638168,0.01988289259366225,0.8726149998860926,0.0007522340787507194,2.090739511273476e-05
1704.0,148.0,0.10672896604638168,0.01988289259366225,0.8726149998860926,0.0007526123068188715,2.0529167044536223e-05
1706.0,147.00000000000003,0.10672896604638168,0.01988289259366225,0.8726149998860926,0.0007529836925008358,2.0157781362550864e-05
1708.0,146.00000000000006,0.10672896604638168,0.01988289259366225,0.8726149998860926,0.0007533483595797283,1.97931142836838e-05
1710.0,144.99999999999994,0.10672896604638168,0.01988289259366225,0.8726149998860926,0.0007537064295993495,1.9435044264048962e-05
1712.0,144.0,0.10672896604638168,0.01988289259366225,0.8726149998860926,0.0007540580219046952,1.908345195877903e-05
1714.0,142.99999999999994,0.10672896604638168,0.01988289259366225,0.8726149998860926,0.0007544032536817346,1.873822018172433e-05
1716.0,142.0,0.10672896604638168,0.01988289259366225,0.8726149998860926,0.0007547422399964678,1.83992338669281e-05
1718.0,140.99999999999997,0.10672896604638168,0.01988289259366225,0.8726149998860926,0.0007550750938332783,1.8066380030101747e-05
1720.0,140.0,0.10672896604638168,0.01988289259366225,0.8726149998860926,0.0007554019261325898,1.773954773087727e-05
1722.0,139.0,0.10672896604638168,0.01988289259366225,0.8726149998860926,0.0007557228458278438,1.741862803561478e-05
1724.0,137.99999999999994,0.10672896604638168,0.01988289259366225,0.8726149998860926,0.0007560379598818061,1.710351398165333e-05
1726.0,137.0,0.10672896604638168,0.01988289259366225,0.8726149998860926,0.0007563473733222183,1.679410054122865e-05
1728.0,136.0,0.10672896604638168,0.01988289259366225,0.8726149998860926,0.0007566511892768032,1.649028458661217e-05
1730.0,135.00000000000003,0.10672896604638168,0.01988289259366225,0.8726149998860926,0.0007569495090076378,1.6191964855805097e-05
1732.0,133.99999999999994,0.10672896604638168,0.01988289259366225,0.8726149998860926,0.0007572424319449037,1.5899041918565615e-05
1734.0,132.99999999999994,0.10672896604638168,0.01988289259366225,0.8726149998860926,0.0007575300557200269,1.561141814343525e-05
1736.0,132.0,0.10672896604638168,0.01988289259366225,0.8726149998860926,0.0007578124761982193,1.5328997665209343e-05
1738.0,131.0,0.10672896604638168,0.01988289259366225,0.8726149998860926,0.0007580897875104303,1.5051686352962612e-05
1740.0,130.0,0.10672896604638168,0.01988289259366225,0.8726149998860926,0.00075836208208472,1.477939177874088e-05
1742.0,129.0,0.10672896604638168,0.01988289259366225,0.8726149998860926,0.0007586294506770667,1.4512023186363798e-05
1744.0,128.0,0.10672896604638168,0.01988289259366225,0.8726149998860926,0.0007588919824016152,1.4249491461781894e-05
1746.0,127.0,0.10672896604638168,0.01988289259366225,0.8726149998860926,0.0007591497647603785,1.3991709103100547e-05
1748.0,125.99999999999999,0.10672896604638168,0.01988289259366225,0.8726149998860926,0.0007594028836724028,1.3738590191048061e-05
1750.0,124.99999999999999,0.10672896604638168,0.01988289259366225,0.8726149998860926,0.000759651423502404,1.349005036099804e-05
1752.0,124.00000000000001,0.10672896604638168,0.01988289259366225,0.8726149998860926,0.0007598954670888871,1.324600677454768e-05
1754.0,123.0,0.10672896604638168,0.01988289259366225,0.8726149998860926,0.0007601350957717552,1.3006378091651172e-05
1756.0,122.0,0.10672896604638168,0.01988289259366225,0.8726149998860926,0.0007603703894194214,1.2771084443974345e-05
1758.0,121.00000000000003,0.10672896604638168,0.01988289259366225,0.8726149998860926,0.0007606014264554281,1.2540047408027277e-05
1760.0,120.0,0.10672896604638168,0.01988289259366225,0.8726149998860926,0.0007608282838845864,1.2313189978852002e-05
1762.0,119.0,0.10672896604638168,0.01988289259366225,0.8726149998860926,0.0007610510373186406,1.2090436544820449e-05
1764.0,118.0,0.10672896604638168,0.01988289259366225,0.8726149998860926,0.0007612697610014714,1.1871712861988293e-05
1766.0,116.99999999999999,0.10672896604638168,0.01988289259366225,0.8726149998860926,0.00076148452783384,1.1656946029559023e-05
1768.0,115.99999999999999,0.10672896604638168,0.01988289259366225,0.8726149998860926,0.0007616954093976864,1.1446064465792105e-05
1770.0,115.0,0.10672896604638168,0.01988289259366225,0.8726149998860926,0.0007619024759799881,1.123899788346705e-05
1772.0,113.99999999999994,0.10672896604638168,0.01988289259366225,0.8726149998860926,0.0007621057965961864,1.1035677267234867e-05
1774.0,112.99999999999997,0.10672896604638168,0.01988289259366225,0.8726149998860926,0.0007623054390131892,1.0836034850192355e-05
1776.0,111.99999999999999,0.10672896604638168,0.01988289259366225,0.8726149998860926,0.0007625014697719586,1.0640004091455602e-05
1778.0,111.0,0.10672896604638168,0.01988289259366225,0.8726149998860926,0.0007626939542096876,1.0447519653733472e-05
1780.0,110.0,0.10672896604638168,0.01988289259366225,0.8726149998860926,0.000762882956481578,1.0258517381900312e-05
1782.0,109.0,0.10672896604638168,0.01988289259366225,0.8726149998860926,0.0007630685395822237,1.0072934281235568e-05
1784.0,108.0,0.10672896604638168,0.01988289259366225,0.8726149998860926,0.0007632507653666059,9.890708496773648e-06
1786.0,107.0,0.10672896604638168,0.01988289259366225,0.8726149998860926,0.0007634296945707099,9.711779292764788e-06
1788.0,106.0,0.10672896604638168,0.01988289259366225,0.8726149998860926,0.0007636053868317686,9.536087031691842e-06
1790.0,104.99999999999999,0.10672896604638168,0.01988289259366225,0.8726149998860926,0.0007637779007081397,9.363573155285465e-06
1792.0,103.99999999999997,0.10672896604638168,0.01988289259366225,0.8726149998860926,0.0007639472936988222,9.194180164651122e-06
1794.0,102.99999999999994,0.10672896604638168,0.01988289259366225,0.8726149998860926,0.0007641136222626224,9.027851600840187e-06
1796.0,101.99999999999996,0.10672896604638168,0.01988289259366225,0.8726149998860926,0.0007642769418369704,8.864532026420235e-06
1798.0,100.99999999999999,0.10672896604638168,0.01988289259366225,0.8726149998860926,0.0007644373068563983,8.70416700704535e-06
1800.0,100.0,0.10672896604638168,0.01988289259366225,0.8726149998860926,0.0007645947707706829,8.546703092693342e-06
1802.0,98.99999999999997,0.10672896604638168,0.01988289259366225,0.8726149998860926,0.0007647493860626603,8.392087800790371e-06
1804.0,98.00000000000001,0.10672896604638168,0.01988289259366225,0.8726149998860926,0.0007649012042657187,8.240269597670213e-06
1806.0,97.00000000000001,0.10672896604638168,0.01988289259366225,0.8726149998860926,0.000765050275980975,8.091197882476031e-06
1808.0,95.99999999999996,0.10672896604638168,0.01988289259366225,0.8726149998860926,0.0007651966508941394,7.94482296928578e-06
1810.0,95.0,0.10672896604638168,0.01988289259366225,0.8726149998860926,0.0007653403777920759,7.801096071347047e-06
1812.0,94.0,0.10672896604638168,0.01988289259366225,0.8726149998860926,0.0007654815045790635,7.659969284312673e-06
1814.0,93.00000000000001,0.10672896604638168,0.01988289259366225,0.8726149998860926,0.0007656200782927619,7.521395570697642e-06
1816.0,91.99999999999999,0.10672896604638168,0.01988289259366225,0.8726149998860926,0.00076575614511989,7.3853287435587944e-06
1818.0,90.99999999999997,0.10672896604638168,0.01988289259366225,0.8726149998860926,0.0007658897504116193,7.2517234518398865e-06
1820.0,89.99999999999997,0.10672896604638168,0.01988289259366225,0.8726149998860926,0.0007660209386986901,7.120535164717445e-06
1822.0,88.99999999999999,0.10672896604638168,0.01988289259366225,0.8726149998860926,0.000766149753706253,6.991720157167869e-06
1824.0,88.0,0.10672896604638168,0.01988289259366225,0.8726149998860926,0.0007662762383684432,6.865235494979416e-06
1826.0,87.00000000000003,0.10672896604638168,0.01988289259366225,0.8726149998860926,0.0007664004348426896,6.741039020763395e-06
1828.0,86.0,0.10672896604638168,0.01988289259366225,0.8726149998860926,0.0007665223845237668,6.619089339632289e-06
1830.0,85.0,0.10672896604638168,0.01988289259366225,0.8726149998860926,0.0007666421280575915,6.499345805877077e-06
1832.0,84.00000000000001,0.10672896604638168,0.01988289259366225,0.8726149998860926,0.0007667597053547699,6.381768508645358e-06
1834.0,83.00000000000003,0.10672896604638168,0.01988289259366225,0.8726149998860926,0.0007668751556039,6.266318259506853e-06
1836.0,82.0,0.10672896604638168,0.01988289259366225,0.8726149998860926,0.000766988517284633,6.152956578797664e-06
1838.0,81.00000000000003,0.10672896604638168,0.01988289259366225,0.8726149998860926,0.000767099828180499,6.0416456829637255e-06
1840.0,80.0,0.10672896604638168,0.01988289259366225,0.8726149998860926,0.0007672091253915,5.93234847190427e-06
1842.0,79.0,0.10672896604638168,0.01988289259366225,0.8726149998860926,0.0007673164453464751,5.825028516981412e-06
1844.0,77.99999999999997,0.10672896604638168,0.01988289259366225,0.8726149998860926,0.0007674218238152427,5.719650048141567e-06
1846.0,76.99999999999994,0.10672896604638168,0.01988289259366225,0.8726149998860926,0.0007675252959205226,5.616177942924239e-06
1848.0,75.99999999999997,0.10672896604638168,0.01988289259366225,0.8726149998860926,0.000767626896149642,5.51457771380548e-06
1850.0,75.0,0.10672896604638168,0.01988289259366225,0.8726149998860926,0.0007677266583660307,5.414815497428727e-06
1852.0,73.99999999999999,0.10672896604638168,0.01988289259366225,0.8726149998860926,0.0007678246158205074,5.316858042947459e-06
1854.0,73.00000000000003,0.10672896604638168,0.01988289259366225,0.8726149998860926,0.0007679208011623622,5.22067270103399e-06
1856.0,72.0,0.10672896604638168,0.01988289259366225,0.8726149998860926,0.0007680152464502392,5.126227413221329e-06
1858.0,70.99999999999997,0.10672896604638168,0.01988289259366225,0.8726149998860926,0.0007681079831628208,5.033490700578902e-06
1860.0,70.00000000000003,0.10672896604638168,0.01988289259366225,0.8726149998860926,0.0007681990422093202,4.942431654053614e-06
1862.0,68.99999999999997,0.10672896604638168,0.01988289259366225,0.8726149998860926,0.0007682884539397835,4.853019923589663e-06
1864.0,67.99999999999999,0.10672896604638168,0.01988289259366225,0.8726149998860926,0.0007683762481552048,4.765225708247556e-06
1866.0,67.0,0.10672896604638168,0.01988289259366225,0.8726149998860926,0.0007684624541174595,4.679019745990054e-06
1868.0,66.0,0.10672896604638168,0.01988289259366225,0.8726149998860926,0.0007685471005590568,4.594373304356303e-06
1870.0,64.99999999999999,0.10672896604638168,0.01988289259366225,0.8726149998860926,0.0007686302156927171,4.5112581706918675e-06
1872.0,63.99999999999999,0.10672896604638168,0.01988289259366225,0.8726149998860926,0.0007687118272207742,4.429646642600815e-06
1874.0,63.000000000000014,0.10672896604638168,0.01988289259366225,0.8726149998860926,0.0007687919623444094,4.349511519063931e-06
1876.0,61.999999999999986,0.10672896604638168,0.01988289259366225,0.8726149998860926,0.000768870647772717,4.270826090668756e-06
1878.0,60.99999999999997,0.10672896604638168,0.01988289259366225,0.8726149998860926,0.0007689479097316074,4.1935641318380235e-06
1880.0,60.0,0.10672896604638168,0.01988289259366225,0.8726149998860926,0.000769023773972547,4.117699890837656e-06
1882.0,59.0,0.10672896604638168,0.01988289259366225,0.8726149998860926,0.0007690982657811421,4.043208082338268e-06
1884.0,58.00000000000001,0.10672896604638168,0.01988289259366225,0.8726149998860926,0.0007691714099855661,3.970063877867247e-06
1886.0,56.999999999999986,0.10672896604638168,0.01988289259366225,0.8726149998860926,0.0007692432309648354,3.898242898592308e-06
1888.0,55.99999999999998,0.10672896604638168,0.01988289259366225,0.8726149998860926,0.0007693137526569339,3.827721206439705e-06
1890.0,54.99999999999996,0.10672896604638168,0.01988289259366225,0.8726149998860926,0.0007693829985667926,3.758475296655739e-06
1892.0,54.0,0.10672896604638168,0.01988289259366225,0.8726149998860926,0.0007694509917741233,3.6904820892580403e-06
1894.0,53.0,0.10672896604638168,0.01988289259366225,0.8726149998860926,0.000769517754941111,3.6237189222632082e-06
1896.0,52.0,0.10672896604638168,0.01988289259366225,0.8726149998860926,0.0007695833103199673,3.55816354347116e-06
1898.0,50.99999999999997,0.10672896604638168,0.01988289259366225,0.8726149998860926,0.0007696476797603474,3.4937941030266373e-06
1900.0,49.99999999999997,0.10672896604638168,0.01988289259366225,0.8726149998860926,0.0007697108847166323,3.4305891467578675e-06
1902.0,48.99999999999998,0.10672896604638168,0.01988289259366225,0.8726149998860926,0.0007697729462550792,3.368527608293981e-06
1904.0,48.000000000000014,0.10672896604638168,0.01988289259366225,0.8726149998860926,0.0007698338850608441,3.307588802625716e-06
1906.0,47.0,0.10672896604638168,0.01988289259366225,0.8726149998860926,0.0007698937214448746,3.247752418555905e-06
1908.0,46.0,0.10672896604638168,0.01988289259366225,0.8726149998860926,0.0007699524753506808,3.1889985127042664e-06
1910.0,45.0,0.10672896604638168,0.01988289259366225,0.8726149998860926,0.0007700101663609817,3.131307502401981e-06
1912.0,43.999999999999986,0.10672896604638168,0.01988289259366225,0.8726149998860926,0.000770066813704233,3.0746601591413736e-06
1914.0,43.000000000000014,0.10672896604638168,0.01988289259366225,0.8726149998860926,0.0007701224362610348,3.019037602358665e-06
1916.0,42.000000000000014,0.10672896604638168,0.01988289259366225,0.8726149998860926,0.0007701770525704256,2.964421292994679e-06
1918.0,41.0,0.10672896604638168,0.01988289259366225,0.8726149998860926,0.0007702306808360606,2.910793027388614e-06
1920.0,40.00000000000001,0.10672896604638168,0.01988289259366225,0.8726149998860926,0.0007702833389322795,2.8581349311718185e-06
1922.0,39.0,0.10672896604638168,0.01988289259366225,0.8726149998860926,0.0007703350444100637,2.8064294533836076e-06
1924.0,37.99999999999998,0.10672896604638168,0.01988289259366225,0.8726149998860926,0.0007703858145028862,2.7556593605870816e-06
1926.0,37.000000000000014,0.10672896604638168,0.01988289259366225,0.8726149998860926,0.0007704356661324556,2.7058077309849438e-06
1928.0,35.999999999999986,0.10672896604638168,0.01988289259366225,0.8726149998860926,0.0007704846159143562,2.65685794909043e-06
1930.0,35.0,0.10672896604638168,0.01988289259366225,0.8726149998860926,0.0007705326801635855,2.608793699843126e-06
1932.0,34.00000000000002,0.10672896604638168,0.01988289259366225,0.8726149998860926,0.0007705798748999923,2.561598963390921e-06
1934.0,32.99999999999999,0.10672896604638168,0.01988289259366225,0.8726149998860926,0.0007706262158536164,2.5152580097609345e-06
1936.0,31.99999999999999,0.10672896604638168,0.01988289259366225,0.8726149998860926,0.0007706717184699311,2.4697553935304484e-06
1938.0,31.0,0.10672896604638168,0.01988289259366225,0.8726149998860926,0.0007707163979149914,2.4250759483868123e-06
1940.0,30.0,0.10672896604638168,0.01988289259366225,0.8726149998860926,0.0007707602690804881,2.381204782908597e-06
1942.0,29.0,0.10672896604638168,0.01988289259366225,0.8726149998860926,0.0007708033465887129,2.338127274681412e-06
1944.0,28.0,0.10672896604638168,0.01988289259366225,0.8726149998860926,0.00077084564479743,2.295829065968036e-06
1946.0,27.0,0.10672896604638168,0.01988289259366225,0.8726149998860926,0.000770887177804663,2.2542960587124128e-06
1948.0,26.0,0.10672896604638168,0.01988289259366225,0.8726149998860926,0.0007709279594533932,2.213514409987738e-06
1950.0,25.0,0.10672896604638168,0.01988289259366225,0.8726149998860926,0.0007709680033361734,2.1734705272224986e-06
1952.0,24.0,0.10672896604638168,0.01988289259366225,0.8726149998860926,0.0007710073227996587,2.1341510637595817e-06
1954.0,23.0,0.10672896604638168,0.01988289259366225,0.8726149998860926,0.0007710459309490548,2.0955429144153825e-06
1956.0,22.0,0.10672896604638168,0.01988289259366225,0.8726149998860926,0.0007710838406524854,2.0576332109278894e-06
1958.0,21.0,0.10672896604638168,0.01988289259366225,0.8726149998860926,0.0007711210645452824,2.020409318181926e-06
1960.0,20.0,0.10672896604638168,0.01988289259366225,0.8726149998860926,0.0007711576150341958,1.9838588292131476e-06
1962.0,19.0,0.10672896604638168,0.01988289259366225,0.8726149998860926,0.0007711935043015303,1.947969561877372e-06
1964.0,18.0,0.10672896604638168,0.01988289259366225,0.8726149998860926,0.0007712287443092043,1.912729554187642e-06
1966.0,17.0,0.10672896604638168,0.01988289259366225,0.8726149998860926,0.0007712633468027378,1.8781270606504918e-06
1968.0,15.999999999999998,0.10672896604638168,0.01988289259366225,0.8726149998860926,0.000771297323315167,1.8441505482691412e-06
1970.0,14.999999999999996,0.10672896604638168,0.01988289259366225,0.8726149998860926,0.0007713306851708878,1.8107886925466943e-06
1972.0,14.000000000000004,0.10672896604638168,0.01988289259366225,0.8726149998860926,0.000771363443489431,1.778030374044448e-06
1974.0,13.0,0.10672896604638168,0.01988289259366225,0.8726149998860926,0.0007713956091891677,1.7458646742740669e-06
1976.0,11.999999999999998,0.10672896604638168,0.01988289259366225,0.8726149998860926,0.0007714271929909487,1.7142808724779357e-06
1978.0,10.999999999999998,0.10672896604638168,0.01988289259366225,0.8726149998860926,0.0007714582054216781,1.6832684417433796e-06
1980.0,10.0,0.10672896604638168,0.01988289259366225,0.8726149998860926,0.0007714886568178216,1.6528170455609725e-06
1982.0,8.999999999999998,0.10672896604638168,0.01988289259366225,0.8726149998860926,0.000771518557328851,1.6229165346048902e-06
1984.0,8.0,0.10672896604638168,0.01988289259366225,0.8726149998860926,0.0007715479169206288,1.5935569428471297e-06
1986.0,6.999999999999995,0.10672896604638168,0.01988289259366225,0.8726149998860926,0.0007715767453787277,1.5647284846709297e-06
1988.0,6.0,0.10672896604638168,0.01988289259366225,0.8726149998860926,0.0007716050523116936,1.536421551762146e-06
1990.0,4.999999999999999,0.10672896604638168,0.01988289259366225,0.8726149998860926,0.0007716328471542479,1.5086267092234706e-06
1992.0,3.999999999999999,0.10672896604638168,0.01988289259366225,0.8726149998860926,0.0007716601391704317,1.4813346930209192e-06
1994.0,3.0000000000000027,0.10672896604638168,0.01988289259366225,0.8726149998860926,0.0007716869374566934,1.4545364067641842e-06
1996.0,2.000000000000001,0.10672896604638168,0.01988289259366225,0.8726149998860926,0.0007717132509449212,1.4282229184869877e-06
1998.0,1.0000000000000002,0.10672896604638168,0.01988289259366225,0.8726149998860926,0.00077173908840542,1.4023854579825468e-06
2000.0,0.0,0.10672896604638168,0.01988289259366225,0.8726149998860926,0.0007717644584498337,1.3770154135839263e-06
